split,grid,identity_id,class_id,source_image,x_center,y_center,width
train,train_0001,8335,11,095539.jpg,0.1586,0.468,0.2609
train,train_0001,5695,9,195578.jpg,0.875,0.1953,0.2188
train,train_0001,2336,4,174476.jpg,0.832,0.8477,0.2859
train,train_0001,4422,7,141341.jpg,0.1172,0.1406,0.2219
train,train_0001,3,0,135808.jpg,0.5305,0.5133,0.2609
train,train_0001,2970,6,088573.jpg,0.4813,0.2062,0.2406
train,train_0001,7,1,121574.jpg,0.5102,0.8492,0.2891
train,train_0001,1212,3,164606.jpg,0.8258,0.4711,0.2422
train,train_0001,10002,12,070463.jpg,0.1547,0.8078,0.2531
train,train_0002,2619,5,106821.jpg,0.8594,0.4656,0.225
train,train_0002,797,2,182078.jpg,0.5016,0.1734,0.2906
train,train_0002,7007,10,161759.jpg,0.7898,0.207,0.2391
train,train_0002,4428,8,096574.jpg,0.5422,0.7953,0.2375
train,train_0002,5695,9,192865.jpg,0.1648,0.8195,0.2953
train,train_0002,2336,4,174486.jpg,0.1234,0.1938,0.225
train,train_0002,4422,7,035594.jpg,0.5109,0.5094,0.2687
train,train_0002,1212,3,176057.jpg,0.8047,0.8266,0.2219
train,train_0002,3,0,016811.jpg,0.1484,0.4547,0.2437
train,train_0003,2970,6,050785.jpg,0.4727,0.1961,0.2609
train,train_0003,4428,8,053931.jpg,0.468,0.4867,0.2547
train,train_0003,7007,10,009812.jpg,0.1812,0.4859,0.2969
train,train_0003,10002,12,052274.jpg,0.4727,0.8258,0.2609
train,train_0003,2619,5,098037.jpg,0.8187,0.175,0.2938
train,train_0003,8335,11,055177.jpg,0.1711,0.8398,0.3016
train,train_0003,797,2,174111.jpg,0.8375,0.5047,0.3
train,train_0003,7,1,157436.jpg,0.8281,0.8359,0.2938
train,train_0003,2336,4,172736.jpg,0.1883,0.157,0.2766
train,train_0004,2619,5,065484.jpg,0.2055,0.7992,0.2516
train,train_0004,4428,8,144087.jpg,0.4531,0.8719,0.2344
train,train_0004,7,1,045626.jpg,0.1586,0.168,0.3016
train,train_0004,2970,6,136196.jpg,0.8883,0.2227,0.2203
train,train_0004,1212,3,165992.jpg,0.457,0.5258,0.2172
train,train_0004,797,2,171166.jpg,0.1742,0.4836,0.2828
train,train_0004,5695,9,186288.jpg,0.4805,0.1852,0.2484
train,train_0004,7007,10,099068.jpg,0.8602,0.8305,0.2734
train,train_0004,3,0,122082.jpg,0.8625,0.5094,0.2469
train,train_0005,4422,7,079954.jpg,0.8453,0.85,0.2969
train,train_0005,8335,11,025296.jpg,0.5016,0.8516,0.2781
train,train_0005,10002,12,033005.jpg,0.868,0.1352,0.2547
train,train_0005,4428,8,137090.jpg,0.5211,0.4883,0.2859
train,train_0005,797,2,172544.jpg,0.1961,0.118,0.2359
train,train_0005,3,0,093256.jpg,0.1547,0.5469,0.2219
train,train_0005,1212,3,168343.jpg,0.8156,0.4938,0.2938
train,train_0005,7,1,002065.jpg,0.4922,0.1516,0.2469
train,train_0005,2970,6,155764.jpg,0.193,0.8305,0.2734
train,train_0006,4422,7,004354.jpg,0.1625,0.2016,0.2625
train,train_0006,10002,12,109887.jpg,0.1648,0.8461,0.2922
train,train_0006,8335,11,062421.jpg,0.843,0.1742,0.2891
train,train_0006,2336,4,176863.jpg,0.7922,0.8203,0.2406
train,train_0006,7007,10,029779.jpg,0.5414,0.868,0.2203
train,train_0006,2619,5,024006.jpg,0.4883,0.4883,0.3047
train,train_0006,5695,9,198471.jpg,0.482,0.1898,0.2734
train,train_0006,1212,3,182082.jpg,0.832,0.5195,0.2859
train,train_0006,797,2,179913.jpg,0.1406,0.4891,0.2406
train,train_0007,7,1,131364.jpg,0.8648,0.4742,0.2578
train,train_0007,2619,5,104026.jpg,0.1242,0.8477,0.2359
train,train_0007,2970,6,134512.jpg,0.5141,0.5203,0.2719
train,train_0007,10002,12,070631.jpg,0.7852,0.1508,0.2234
train,train_0007,4422,7,014356.jpg,0.8484,0.8234,0.3
train,train_0007,3,0,079834.jpg,0.4844,0.8141,0.2906
train,train_0007,2336,4,167141.jpg,0.4813,0.1672,0.2875
train,train_0007,8335,11,079894.jpg,0.1773,0.1383,0.2578
train,train_0007,5695,9,198031.jpg,0.1852,0.4992,0.2797
train,train_0008,4428,8,005770.jpg,0.8719,0.8797,0.225
train,train_0008,7007,10,004680.jpg,0.5047,0.1469,0.2781
train,train_0008,2970,6,112624.jpg,0.5117,0.482,0.2891
train,train_0008,3,0,147878.jpg,0.1617,0.1914,0.2203
train,train_0008,8335,11,035016.jpg,0.1516,0.5234,0.2469
train,train_0008,797,2,176077.jpg,0.818,0.143,0.2516
train,train_0008,2336,4,176926.jpg,0.8469,0.4641,0.2344
train,train_0008,10002,12,060686.jpg,0.5117,0.8273,0.2984
train,train_0008,4422,7,122740.jpg,0.1313,0.8063,0.2437
train,train_0009,7,1,011904.jpg,0.4766,0.1437,0.2562
train,train_0009,2619,5,043824.jpg,0.4648,0.7805,0.2203
train,train_0009,7007,10,035390.jpg,0.8367,0.4883,0.3016
train,train_0009,1212,3,179589.jpg,0.832,0.1648,0.2953
train,train_0009,4428,8,012582.jpg,0.7812,0.8344,0.2281
train,train_0009,5695,9,194880.jpg,0.1953,0.1453,0.2656
train,train_0009,797,2,182522.jpg,0.1578,0.85,0.2875
train,train_0009,3,0,110393.jpg,0.4516,0.5172,0.2219
train,train_0009,8335,11,155102.jpg,0.1555,0.4883,0.2922
train,train_0010,7007,10,128347.jpg,0.8273,0.1617,0.2484
train,train_0010,7,1,090356.jpg,0.5062,0.825,0.2313
train,train_0010,5695,9,184996.jpg,0.8594,0.8641,0.2562
train,train_0010,4422,7,073704.jpg,0.4656,0.1609,0.2281
train,train_0010,2336,4,178941.jpg,0.8008,0.4695,0.2234
train,train_0010,1212,3,167630.jpg,0.1578,0.1922,0.2812
train,train_0010,4428,8,107763.jpg,0.5289,0.4914,0.2734
train,train_0010,10002,12,010797.jpg,0.118,0.8055,0.2359
train,train_0010,2970,6,126467.jpg,0.1719,0.5141,0.2469
train,train_0011,2619,5,013521.jpg,0.5172,0.8266,0.2625
train,train_0011,7,1,130335.jpg,0.1203,0.1688,0.225
train,train_0011,4428,8,053403.jpg,0.1477,0.7898,0.2391
train,train_0011,1212,3,182418.jpg,0.1148,0.4445,0.2172
train,train_0011,10002,12,059390.jpg,0.5117,0.5508,0.2234
train,train_0011,4422,7,117179.jpg,0.4859,0.1703,0.3031
train,train_0011,3,0,003029.jpg,0.8445,0.4758,0.2391
train,train_0011,5695,9,186404.jpg,0.8406,0.1625,0.2625
train,train_0011,2970,6,143208.jpg,0.8539,0.843,0.2828
train,train_0012,2619,5,119972.jpg,0.1633,0.8289,0.3047
train,train_0012,2336,4,179058.jpg,0.4602,0.1539,0.2266
train,train_0012,797,2,164872.jpg,0.8711,0.1367,0.2547
train,train_0012,7007,10,113130.jpg,0.55,0.8516,0.225
train,train_0012,8335,11,078132.jpg,0.807,0.4758,0.2422
train,train_0012,4428,8,128332.jpg,0.1742,0.4961,0.3047
train,train_0012,1212,3,174304.jpg,0.4992,0.4727,0.2734
train,train_0012,10002,12,041931.jpg,0.1328,0.2047,0.2188
train,train_0012,4422,7,043327.jpg,0.832,0.8273,0.2922
train,train_0013,2619,5,030319.jpg,0.4766,0.8391,0.2812
train,train_0013,797,2,170752.jpg,0.4938,0.1656,0.2281
train,train_0013,2336,4,180987.jpg,0.8086,0.4492,0.2234
train,train_0013,2970,6,023824.jpg,0.8695,0.8133,0.2328
train,train_0013,7007,10,157709.jpg,0.825,0.1453,0.2906
train,train_0013,5695,9,187226.jpg,0.5344,0.4953,0.2437
train,train_0013,3,0,003206.jpg,0.1508,0.8086,0.2609
train,train_0013,8335,11,020990.jpg,0.1625,0.1406,0.275
train,train_0013,7,1,090940.jpg,0.1945,0.4992,0.2266
train,train_0014,4428,8,154827.jpg,0.1891,0.1859,0.2281
train,train_0014,1212,3,164667.jpg,0.4766,0.4797,0.2406
train,train_0014,5695,9,196735.jpg,0.5273,0.8836,0.2266
train,train_0014,3,0,016933.jpg,0.4969,0.2016,0.2406
train,train_0014,8335,11,149243.jpg,0.8406,0.8031,0.275
train,train_0014,2336,4,181421.jpg,0.1859,0.85,0.2375
train,train_0014,797,2,179493.jpg,0.1836,0.4711,0.2734
train,train_0014,2970,6,037013.jpg,0.7867,0.1742,0.2359
train,train_0014,10002,12,094224.jpg,0.8289,0.4961,0.2859
train,train_0015,7,1,003099.jpg,0.4945,0.1727,0.2891
train,train_0015,7007,10,017103.jpg,0.1773,0.1945,0.2672
train,train_0015,4422,7,143189.jpg,0.8297,0.1891,0.2437
train,train_0015,2619,5,153337.jpg,0.1711,0.4711,0.2734
train,train_0015,8335,11,148068.jpg,0.4969,0.5031,0.2906
train,train_0015,10002,12,160681.jpg,0.8758,0.7992,0.2453
train,train_0015,797,2,167868.jpg,0.1484,0.8578,0.2625
train,train_0015,2336,4,179829.jpg,0.4852,0.8352,0.3047
train,train_0015,4428,8,092959.jpg,0.782,0.5023,0.2234
train,train_0016,1212,3,178791.jpg,0.1305,0.4602,0.2234
train,train_0016,7,1,063094.jpg,0.8695,0.8383,0.2203
train,train_0016,5695,9,190784.jpg,0.1688,0.2141,0.2344
train,train_0016,2970,6,079293.jpg,0.818,0.5211,0.2859
train,train_0016,7007,10,081708.jpg,0.2031,0.85,0.2594
train,train_0016,3,0,161022.jpg,0.5008,0.1586,0.3016
train,train_0016,4422,7,094334.jpg,0.5062,0.8766,0.2437
train,train_0016,2619,5,087544.jpg,0.8031,0.1594,0.2625
train,train_0016,8335,11,130875.jpg,0.4867,0.4914,0.2953
train,train_0017,10002,12,136320.jpg,0.4813,0.1469,0.2781
train,train_0017,4428,8,094613.jpg,0.5008,0.8398,0.2984
train,train_0017,2619,5,029868.jpg,0.8562,0.8219,0.275
train,train_0017,7,1,017587.jpg,0.1914,0.1617,0.2453
train,train_0017,5695,9,187604.jpg,0.8266,0.1406,0.2594
train,train_0017,797,2,168801.jpg,0.1125,0.4625,0.2188
train,train_0017,2336,4,170089.jpg,0.1258,0.8102,0.2422
train,train_0017,7007,10,008453.jpg,0.8414,0.5398,0.2516
train,train_0017,3,0,008838.jpg,0.4781,0.4953,0.2906
train,train_0018,4422,7,137002.jpg,0.5328,0.45,0.2313
train,train_0018,2970,6,140037.jpg,0.175,0.8016,0.2437
train,train_0018,1212,3,173726.jpg,0.8227,0.8258,0.3016
train,train_0018,10002,12,147203.jpg,0.1516,0.5016,0.2906
train,train_0018,3,0,034630.jpg,0.1859,0.1953,0.2406
train,train_0018,5695,9,188144.jpg,0.7969,0.1219,0.2219
train,train_0018,7,1,022384.jpg,0.8633,0.482,0.2703
train,train_0018,7007,10,158812.jpg,0.4781,0.8234,0.25
train,train_0018,2619,5,019964.jpg,0.5156,0.1797,0.2219
train,train_0019,2970,6,040067.jpg,0.8125,0.1844,0.2625
train,train_0019,2336,4,176923.jpg,0.1656,0.8781,0.2375
train,train_0019,4422,7,091150.jpg,0.5281,0.8,0.2531
train,train_0019,797,2,172881.jpg,0.8078,0.5016,0.225
train,train_0019,1212,3,176505.jpg,0.1695,0.4977,0.2266
train,train_0019,8335,11,148551.jpg,0.1797,0.1797,0.3031
train,train_0019,4428,8,021741.jpg,0.4898,0.4852,0.3016
train,train_0019,10002,12,108249.jpg,0.4844,0.1703,0.2812
train,train_0019,2619,5,072610.jpg,0.8266,0.8406,0.2344
train,train_0020,4422,7,131882.jpg,0.5125,0.1812,0.2875
train,train_0020,797,2,179428.jpg,0.1578,0.4547,0.2219
train,train_0020,3,0,043469.jpg,0.5086,0.8539,0.2547
train,train_0020,7007,10,122097.jpg,0.8234,0.4813,0.2812
train,train_0020,7,1,038132.jpg,0.1445,0.8227,0.2766
train,train_0020,8335,11,116772.jpg,0.8313,0.1453,0.2844
train,train_0020,2336,4,165685.jpg,0.8313,0.7969,0.2437
train,train_0020,1212,3,164382.jpg,0.4531,0.5375,0.2344
train,train_0020,5695,9,201771.jpg,0.1734,0.1688,0.2656
train,train_0021,2970,6,056956.jpg,0.182,0.5039,0.3016
train,train_0021,4428,8,092565.jpg,0.175,0.8297,0.25
train,train_0021,797,2,165865.jpg,0.5227,0.8211,0.2672
train,train_0021,2336,4,172268.jpg,0.8688,0.8422,0.225
train,train_0021,3,0,072785.jpg,0.5242,0.4961,0.2766
train,train_0021,7007,10,061192.jpg,0.8109,0.4953,0.2656
train,train_0021,1212,3,179664.jpg,0.5086,0.1461,0.2203
train,train_0021,2619,5,133260.jpg,0.8055,0.1273,0.2391
train,train_0021,10002,12,136279.jpg,0.1328,0.1844,0.2406
train,train_0022,5695,9,185201.jpg,0.482,0.5102,0.2984
train,train_0022,2970,6,059300.jpg,0.1734,0.1734,0.2875
train,train_0022,7,1,019811.jpg,0.4625,0.1844,0.2375
train,train_0022,4428,8,121977.jpg,0.5047,0.8187,0.2844
train,train_0022,4422,7,031675.jpg,0.8258,0.8258,0.2859
train,train_0022,8335,11,050860.jpg,0.8172,0.1516,0.2594
train,train_0022,2336,4,174818.jpg,0.1719,0.4938,0.3
train,train_0022,7007,10,158011.jpg,0.1594,0.8391,0.2625
train,train_0022,2619,5,077828.jpg,0.8187,0.4703,0.2656
train,train_0023,4428,8,101496.jpg,0.7883,0.8055,0.2172
train,train_0023,1212,3,163499.jpg,0.1805,0.1148,0.2172
train,train_0023,3,0,128412.jpg,0.8328,0.1562,0.3
train,train_0023,10002,12,054636.jpg,0.4891,0.8344,0.2938
train,train_0023,5695,9,197905.jpg,0.5156,0.5219,0.2375
train,train_0023,2970,6,053704.jpg,0.8484,0.5234,0.2625
train,train_0023,797,2,164035.jpg,0.1398,0.5289,0.2734
train,train_0023,8335,11,012721.jpg,0.2156,0.8812,0.2313
train,train_0023,4422,7,130946.jpg,0.4727,0.1961,0.2578
train,train_0024,7,1,091155.jpg,0.8133,0.4523,0.2328
train,train_0024,5695,9,187394.jpg,0.1711,0.1617,0.2484
train,train_0024,2970,6,014435.jpg,0.8797,0.8562,0.2188
train,train_0024,2336,4,180676.jpg,0.8063,0.1547,0.2656
train,train_0024,4422,7,041625.jpg,0.1852,0.8383,0.2734
train,train_0024,3,0,047989.jpg,0.1805,0.4961,0.2984
train,train_0024,8335,11,132025.jpg,0.5023,0.1664,0.3016
train,train_0024,10002,12,161847.jpg,0.5195,0.8289,0.2578
train,train_0024,797,2,171101.jpg,0.4914,0.5148,0.2953
train,train_0025,7007,10,158812.jpg,0.1398,0.818,0.2672
train,train_0025,2619,5,020483.jpg,0.4875,0.85,0.2656
train,train_0025,7,1,090356.jpg,0.1797,0.4906,0.2594
train,train_0025,4428,8,072601.jpg,0.5094,0.55,0.2188
train,train_0025,1212,3,166432.jpg,0.8086,0.4742,0.2734
train,train_0025,4422,7,091150.jpg,0.1727,0.1914,0.2359
train,train_0025,10002,12,161847.jpg,0.5062,0.1594,0.2906
train,train_0025,5695,9,198471.jpg,0.8484,0.8063,0.225
train,train_0025,8335,11,025296.jpg,0.8094,0.1484,0.2781
train,train_0026,797,2,164872.jpg,0.8258,0.2008,0.2578
train,train_0026,7,1,131364.jpg,0.4445,0.832,0.2172
train,train_0026,3,0,161022.jpg,0.2055,0.1258,0.2484
train,train_0026,1212,3,176505.jpg,0.518,0.457,0.2359
train,train_0026,2619,5,077828.jpg,0.818,0.8289,0.3047
train,train_0026,2970,6,059300.jpg,0.5172,0.1406,0.2812
train,train_0026,7007,10,081708.jpg,0.1375,0.525,0.225
train,train_0026,2336,4,179058.jpg,0.1492,0.843,0.2891
train,train_0026,4428,8,121977.jpg,0.85,0.4641,0.2594
train,train_0027,8335,11,132025.jpg,0.1562,0.5188,0.2875
train,train_0027,7,1,038132.jpg,0.4938,0.4609,0.2562
train,train_0027,4428,8,094613.jpg,0.8203,0.1828,0.2906
train,train_0027,10002,12,052274.jpg,0.8297,0.5047,0.2562
train,train_0027,5695,9,190784.jpg,0.1773,0.1711,0.2922
train,train_0027,2619,5,119972.jpg,0.8383,0.8039,0.2422
train,train_0027,7007,10,061192.jpg,0.1938,0.875,0.2219
train,train_0027,3,0,016933.jpg,0.4883,0.1711,0.2641
train,train_0027,797,2,167868.jpg,0.4859,0.85,0.2938
train,train_0028,2336,4,176926.jpg,0.8508,0.518,0.2797
train,train_0028,4422,7,117179.jpg,0.8203,0.1641,0.3
train,train_0028,2970,6,079293.jpg,0.8344,0.8391,0.2313
train,train_0028,1212,3,166432.jpg,0.5289,0.4805,0.2703
train,train_0028,7007,10,008453.jpg,0.1508,0.8523,0.2828
train,train_0028,4428,8,072601.jpg,0.5297,0.8609,0.2219
train,train_0028,5695,9,187604.jpg,0.175,0.5078,0.2844
train,train_0028,3,0,079834.jpg,0.507,0.1977,0.2484
train,train_0028,8335,11,079894.jpg,0.1609,0.1578,0.3
train,train_0029,10002,12,010797.jpg,0.5273,0.8523,0.2234
train,train_0029,7,1,091155.jpg,0.5125,0.1469,0.2938
train,train_0029,2970,6,126467.jpg,0.1352,0.4977,0.2703
train,train_0029,797,2,172881.jpg,0.5062,0.5172,0.2938
train,train_0029,1212,3,167630.jpg,0.8422,0.7781,0.2219
train,train_0029,4422,7,035594.jpg,0.1641,0.1531,0.2906
train,train_0029,2619,5,030319.jpg,0.2141,0.8484,0.2188
train,train_0029,2336,4,180676.jpg,0.8352,0.1539,0.3047
train,train_0029,4428,8,092565.jpg,0.8016,0.5172,0.2656
train,train_0030,3,0,072785.jpg,0.4953,0.4828,0.2969
train,train_0030,7,1,045626.jpg,0.8172,0.8328,0.25
train,train_0030,2336,4,179829.jpg,0.1266,0.8625,0.2437
train,train_0030,7007,10,122097.jpg,0.8297,0.1875,0.2656
train,train_0030,797,2,165865.jpg,0.5211,0.1555,0.2734
train,train_0030,1212,3,164382.jpg,0.4648,0.8039,0.2547
train,train_0030,4422,7,041625.jpg,0.1594,0.4844,0.3031
train,train_0030,2970,6,056956.jpg,0.8281,0.5,0.2344
train,train_0030,2619,5,065484.jpg,0.2016,0.2062,0.2437
train,train_0031,8335,11,050860.jpg,0.8406,0.8344,0.2594
train,train_0031,10002,12,033005.jpg,0.1953,0.8219,0.275
train,train_0031,5695,9,184996.jpg,0.8555,0.1742,0.2266
train,train_0031,797,2,164035.jpg,0.1547,0.1875,0.2594
train,train_0031,4428,8,053931.jpg,0.493,0.1867,0.2797
train,train_0031,2336,4,165685.jpg,0.5523,0.4805,0.2203
train,train_0031,1212,3,179664.jpg,0.8539,0.5008,0.2734
train,train_0031,4422,7,130946.jpg,0.1617,0.4539,0.2328
train,train_0031,2970,6,014435.jpg,0.4773,0.868,0.2391
train,train_0032,5695,9,201771.jpg,0.5289,0.4805,0.2297
train,train_0032,10002,12,059390.jpg,0.1406,0.5125,0.2625
train,train_0032,7007,10,128347.jpg,0.1383,0.8555,0.2734
train,train_0032,7,1,002065.jpg,0.1727,0.1836,0.2578
train,train_0032,3,0,122082.jpg,0.8109,0.5328,0.2656
train,train_0032,8335,11,012721.jpg,0.7891,0.7828,0.225
train,train_0032,2619,5,153337.jpg,0.8336,0.1695,0.2766
train,train_0032,1212,3,164606.jpg,0.5078,0.8234,0.2656
train,train_0032,4428,8,137090.jpg,0.4523,0.2055,0.2203
train,train_0033,2970,6,088573.jpg,0.4742,0.5023,0.2484
train,train_0033,797,2,179913.jpg,0.8414,0.1586,0.2891
train,train_0033,7,1,017587.jpg,0.8156,0.4781,0.2656
train,train_0033,4422,7,137002.jpg,0.8125,0.8469,0.2562
train,train_0033,10002,12,136320.jpg,0.1938,0.1187,0.2375
train,train_0033,2336,4,167141.jpg,0.1336,0.5367,0.2359
train,train_0033,7007,10,009812.jpg,0.4875,0.8281,0.2906
train,train_0033,3,0,135808.jpg,0.4531,0.1406,0.2406
train,train_0033,5695,9,196735.jpg,0.1281,0.8625,0.2406
train,train_0034,2619,5,029868.jpg,0.8523,0.1664,0.2609
train,train_0034,8335,11,020990.jpg,0.825,0.4813,0.2625
train,train_0034,2970,6,023824.jpg,0.1938,0.5359,0.2375
train,train_0034,10002,12,147203.jpg,0.5188,0.8,0.2437
train,train_0034,4422,7,131882.jpg,0.5062,0.5094,0.2531
train,train_0034,7,1,011904.jpg,0.8383,0.8289,0.3016
train,train_0034,7007,10,004680.jpg,0.1672,0.1531,0.2781
train,train_0034,797,2,179428.jpg,0.1734,0.8375,0.2188
train,train_0034,1212,3,178791.jpg,0.5031,0.1922,0.2687
train,train_0035,2336,4,174476.jpg,0.5141,0.1672,0.275
train,train_0035,2619,5,087544.jpg,0.8164,0.1633,0.3016
train,train_0035,8335,11,055177.jpg,0.5078,0.8156,0.2594
train,train_0035,3,0,128412.jpg,0.4625,0.5312,0.2594
train,train_0035,4428,8,128332.jpg,0.8242,0.4883,0.2203
train,train_0035,5695,9,195578.jpg,0.7844,0.8344,0.2344
train,train_0035,7,1,063094.jpg,0.1336,0.1305,0.2297
train,train_0035,10002,12,160681.jpg,0.1805,0.8633,0.2234
train,train_0035,797,2,172544.jpg,0.1938,0.5359,0.2313
train,train_0036,8335,11,095539.jpg,0.8594,0.1609,0.2656
train,train_0036,2336,4,170089.jpg,0.1711,0.182,0.3016
train,train_0036,4428,8,107763.jpg,0.5172,0.5078,0.2969
train,train_0036,4422,7,094334.jpg,0.1594,0.8359,0.275
train,train_0036,2970,6,050785.jpg,0.8398,0.5055,0.2859
train,train_0036,7007,10,017103.jpg,0.5297,0.2141,0.2281
train,train_0036,1212,3,174304.jpg,0.5211,0.843,0.2797
train,train_0036,2619,5,072610.jpg,0.793,0.8258,0.2547
train,train_0036,5695,9,186288.jpg,0.1938,0.4984,0.2687
train,train_0037,3,0,110393.jpg,0.8539,0.8055,0.2172
train,train_0037,7007,10,158011.jpg,0.482,0.8117,0.2266
train,train_0037,1212,3,179589.jpg,0.5289,0.2055,0.2328
train,train_0037,2619,5,020483.jpg,0.8781,0.5266,0.2313
train,train_0037,4428,8,092959.jpg,0.15,0.1641,0.3
train,train_0037,5695,9,197905.jpg,0.8008,0.1664,0.2641
train,train_0037,10002,12,109887.jpg,0.1828,0.8828,0.225
train,train_0037,7,1,090940.jpg,0.45,0.5359,0.2156
train,train_0037,8335,11,148068.jpg,0.1836,0.4805,0.2922
train,train_0038,797,2,174111.jpg,0.5484,0.4875,0.2219
train,train_0038,4422,7,073704.jpg,0.857,0.8586,0.2734
train,train_0038,2336,4,178941.jpg,0.5023,0.8352,0.2891
train,train_0038,2970,6,037013.jpg,0.4852,0.1492,0.2172
train,train_0038,3,0,003206.jpg,0.15,0.8469,0.2406
train,train_0038,7007,10,029779.jpg,0.8086,0.4977,0.2672
train,train_0038,1212,3,165992.jpg,0.782,0.1727,0.2203
train,train_0038,10002,12,108249.jpg,0.132,0.1445,0.2641
train,train_0038,7,1,022384.jpg,0.1773,0.5258,0.2797
train,train_0039,797,2,176077.jpg,0.8445,0.1633,0.2922
train,train_0039,5695,9,188144.jpg,0.1977,0.4727,0.2641
train,train_0039,3,0,003029.jpg,0.468,0.7977,0.2641
train,train_0039,2970,6,112624.jpg,0.8242,0.4898,0.3047
train,train_0039,4422,7,004354.jpg,0.4969,0.1844,0.2469
train,train_0039,2619,5,098037.jpg,0.4898,0.5117,0.2578
train,train_0039,2336,4,172736.jpg,0.8469,0.8469,0.3031
train,train_0039,4428,8,154827.jpg,0.1492,0.1492,0.2734
train,train_0039,8335,11,149243.jpg,0.193,0.8367,0.2641
train,train_0040,7007,10,161759.jpg,0.8336,0.5148,0.2953
train,train_0040,2970,6,053704.jpg,0.4875,0.5437,0.2313
train,train_0040,8335,11,130875.jpg,0.1945,0.1914,0.2578
train,train_0040,797,2,171166.jpg,0.8375,0.1703,0.2625
train,train_0040,7,1,130335.jpg,0.8352,0.8258,0.2984
train,train_0040,5695,9,185201.jpg,0.4961,0.1883,0.2828
train,train_0040,3,0,008838.jpg,0.1641,0.8453,0.2812
train,train_0040,1212,3,163499.jpg,0.1477,0.5227,0.2766
train,train_0040,2336,4,180987.jpg,0.5148,0.8633,0.2578
train,train_0041,4428,8,096574.jpg,0.4766,0.1953,0.2406
train,train_0041,2619,5,043824.jpg,0.8172,0.4906,0.2656
train,train_0041,10002,12,041931.jpg,0.8523,0.168,0.2328
train,train_0041,4422,7,043327.jpg,0.4508,0.5164,0.2328
train,train_0041,8335,11,155102.jpg,0.1297,0.1594,0.2594
train,train_0041,7007,10,035390.jpg,0.518,0.8414,0.2922
train,train_0041,5695,9,192865.jpg,0.8852,0.8648,0.2203
train,train_0041,797,2,170752.jpg,0.1578,0.8516,0.2437
train,train_0041,7,1,157436.jpg,0.1875,0.4656,0.2562
train,train_0042,2970,6,040067.jpg,0.85,0.4766,0.2219
train,train_0042,4428,8,021741.jpg,0.1344,0.5047,0.2437
train,train_0042,2619,5,013521.jpg,0.8633,0.1914,0.2641
train,train_0042,2336,4,176923.jpg,0.825,0.8063,0.2687
train,train_0042,4422,7,031675.jpg,0.5125,0.7812,0.2313
train,train_0042,1212,3,182418.jpg,0.5133,0.1492,0.2953
train,train_0042,3,0,034630.jpg,0.475,0.4609,0.2562
train,train_0042,10002,12,136279.jpg,0.2234,0.8203,0.2188
train,train_0042,5695,9,187394.jpg,0.207,0.1883,0.2234
train,train_0043,2619,5,133260.jpg,0.8633,0.1711,0.2328
train,train_0043,8335,11,035016.jpg,0.1617,0.8273,0.2859
train,train_0043,3,0,093256.jpg,0.4594,0.1484,0.2344
train,train_0043,797,2,182078.jpg,0.518,0.5367,0.2516
train,train_0043,1212,3,173726.jpg,0.1648,0.1508,0.3016
train,train_0043,7,1,019811.jpg,0.168,0.5164,0.2953
train,train_0043,2970,6,140037.jpg,0.5195,0.8305,0.2328
train,train_0043,4422,7,122740.jpg,0.8289,0.4992,0.3047
train,train_0043,10002,12,070463.jpg,0.8383,0.8352,0.2703
train,train_0044,2336,4,174486.jpg,0.4852,0.4883,0.2297
train,train_0044,7007,10,113130.jpg,0.5094,0.1734,0.275
train,train_0044,4428,8,053403.jpg,0.8461,0.8211,0.2703
train,train_0044,2970,6,155764.jpg,0.8125,0.5062,0.2313
train,train_0044,7,1,003099.jpg,0.1594,0.4781,0.2781
train,train_0044,2619,5,019964.jpg,0.1609,0.8609,0.2656
train,train_0044,8335,11,116772.jpg,0.4914,0.8164,0.2578
train,train_0044,797,2,182522.jpg,0.8562,0.1453,0.225
train,train_0044,4422,7,141341.jpg,0.1656,0.1266,0.2469
train,train_0045,1212,3,168343.jpg,0.857,0.1492,0.2828
train,train_0045,3,0,043469.jpg,0.1273,0.8211,0.2266
train,train_0045,5695,9,186404.jpg,0.5328,0.1953,0.2406
train,train_0045,4428,8,144087.jpg,0.1781,0.1578,0.2781
train,train_0045,10002,12,054636.jpg,0.1273,0.518,0.2484
train,train_0045,7007,10,157709.jpg,0.8539,0.5461,0.2391
train,train_0045,2336,4,172268.jpg,0.5109,0.8578,0.2281
train,train_0045,2619,5,106821.jpg,0.4977,0.5414,0.2391
train,train_0045,8335,11,148551.jpg,0.8414,0.8383,0.3016
train,train_0046,10002,12,094224.jpg,0.5312,0.4922,0.2375
train,train_0046,7,1,121574.jpg,0.4922,0.1672,0.3
train,train_0046,3,0,016811.jpg,0.1625,0.8484,0.2844
train,train_0046,797,2,168801.jpg,0.518,0.8227,0.2953
train,train_0046,4428,8,005770.jpg,0.85,0.4969,0.2437
train,train_0046,1212,3,176057.jpg,0.8406,0.8422,0.2906
train,train_0046,2336,4,174818.jpg,0.8352,0.1758,0.2766
train,train_0046,4422,7,079954.jpg,0.1758,0.5211,0.2891
train,train_0046,2970,6,143208.jpg,0.182,0.143,0.2547
train,train_0047,5695,9,198031.jpg,0.4898,0.8039,0.2172
train,train_0047,7007,10,099068.jpg,0.8445,0.1836,0.2391
train,train_0047,4428,8,012582.jpg,0.1445,0.4898,0.2859
train,train_0047,7,1,038132.jpg,0.1781,0.1109,0.2188
train,train_0047,8335,11,062421.jpg,0.8523,0.8211,0.2734
train,train_0047,4422,7,014356.jpg,0.1469,0.8422,0.2875
train,train_0047,797,2,171101.jpg,0.7867,0.5492,0.2203
train,train_0047,2970,6,134512.jpg,0.4922,0.5203,0.2844
train,train_0047,3,0,147878.jpg,0.4953,0.1766,0.3
train,train_0048,2619,5,104026.jpg,0.5031,0.5266,0.2437
train,train_0048,10002,12,060686.jpg,0.8227,0.8195,0.2734
train,train_0048,5695,9,194880.jpg,0.1602,0.182,0.2953
train,train_0048,2336,4,181421.jpg,0.5391,0.8156,0.2406
train,train_0048,1212,3,164667.jpg,0.518,0.1789,0.2953
train,train_0048,7007,10,029779.jpg,0.1602,0.8305,0.2828
train,train_0048,797,2,179493.jpg,0.825,0.1844,0.2656
train,train_0048,2970,6,136196.jpg,0.1898,0.5414,0.2484
train,train_0048,4428,8,101496.jpg,0.8531,0.4703,0.2219
train,train_0049,3,0,047989.jpg,0.4953,0.4547,0.225
train,train_0049,7007,10,158812.jpg,0.5047,0.1953,0.2469
train,train_0049,5695,9,187226.jpg,0.1523,0.1555,0.2922
train,train_0049,10002,12,070631.jpg,0.1641,0.4969,0.2344
train,train_0049,8335,11,078132.jpg,0.1922,0.8187,0.2188
train,train_0049,1212,3,182082.jpg,0.8094,0.8031,0.2719
train,train_0049,4422,7,143189.jpg,0.8695,0.4695,0.2422
train,train_0049,7,1,131364.jpg,0.4898,0.8336,0.2859
train,train_0049,2336,4,176863.jpg,0.8359,0.175,0.2781
train,train_0050,2619,5,024006.jpg,0.8742,0.8727,0.2234
train,train_0050,7007,10,061192.jpg,0.1781,0.4828,0.2687
train,train_0050,4422,7,035594.jpg,0.4656,0.1531,0.2375
train,train_0050,8335,11,012721.jpg,0.1617,0.2023,0.2578
train,train_0050,10002,12,052274.jpg,0.5,0.8625,0.2406
train,train_0050,797,2,164035.jpg,0.8492,0.143,0.2422
train,train_0050,1212,3,174304.jpg,0.1914,0.8586,0.2391
train,train_0050,2336,4,167141.jpg,0.7812,0.5406,0.2156
train,train_0050,5695,9,198031.jpg,0.5039,0.4789,0.2328
train,train_0051,3,0,072785.jpg,0.5234,0.7984,0.2469
train,train_0051,7,1,063094.jpg,0.7977,0.1883,0.2203
train,train_0051,2619,5,013521.jpg,0.8766,0.8219,0.2188
train,train_0051,2970,6,059300.jpg,0.1484,0.8562,0.275
train,train_0051,4428,8,121977.jpg,0.1859,0.5563,0.2188
train,train_0051,10002,12,054636.jpg,0.1641,0.1531,0.2594
train,train_0051,5695,9,198471.jpg,0.4828,0.4734,0.2594
train,train_0051,7007,10,157709.jpg,0.7969,0.5156,0.2469
train,train_0051,8335,11,155102.jpg,0.5109,0.1703,0.275
train,train_0052,4422,7,137002.jpg,0.4813,0.15,0.2906
train,train_0052,7,1,022384.jpg,0.1531,0.5125,0.2969
train,train_0052,2970,6,079293.jpg,0.1727,0.1883,0.2828
train,train_0052,1212,3,164382.jpg,0.143,0.8289,0.2828
train,train_0052,2336,4,179829.jpg,0.8125,0.5203,0.2687
train,train_0052,3,0,043469.jpg,0.5383,0.5211,0.2547
train,train_0052,2619,5,153337.jpg,0.8523,0.8242,0.2859
train,train_0052,4428,8,101496.jpg,0.4711,0.857,0.2203
train,train_0052,797,2,182078.jpg,0.818,0.157,0.3047
train,train_0053,3,0,016811.jpg,0.8289,0.8383,0.2984
train,train_0053,5695,9,196735.jpg,0.1234,0.8359,0.2281
train,train_0053,2970,6,023824.jpg,0.8273,0.1414,0.2172
train,train_0053,2619,5,119972.jpg,0.5422,0.5359,0.2469
train,train_0053,8335,11,055177.jpg,0.4891,0.825,0.2594
train,train_0053,2336,4,178941.jpg,0.1516,0.5328,0.2656
train,train_0053,7,1,017587.jpg,0.4984,0.1594,0.2938
train,train_0053,4422,7,043327.jpg,0.1516,0.1406,0.2625
train,train_0053,4428,8,128332.jpg,0.8039,0.5008,0.2609
train,train_0054,7007,10,099068.jpg,0.4789,0.4789,0.2297
train,train_0054,797,2,165865.jpg,0.4781,0.1516,0.2687
train,train_0054,10002,12,041931.jpg,0.507,0.8633,0.2484
train,train_0054,1212,3,182418.jpg,0.7992,0.5148,0.2484
train,train_0054,4422,7,014356.jpg,0.8641,0.8172,0.25
train,train_0054,2970,6,053704.jpg,0.125,0.2,0.2437
train,train_0054,5695,9,186288.jpg,0.1539,0.8273,0.2547
train,train_0054,8335,11,130875.jpg,0.1797,0.5062,0.2781
train,train_0054,4428,8,144087.jpg,0.8125,0.1844,0.2844
train,train_0055,797,2,174111.jpg,0.5297,0.1406,0.2313
train,train_0055,2336,4,176926.jpg,0.8391,0.4859,0.3031
train,train_0055,7007,10,113130.jpg,0.8406,0.8047,0.2562
train,train_0055,2619,5,029868.jpg,0.1938,0.8078,0.275
train,train_0055,10002,12,160681.jpg,0.8297,0.1703,0.2938
train,train_0055,1212,3,176505.jpg,0.493,0.8477,0.2828
train,train_0055,7,1,121574.jpg,0.4516,0.5,0.2188
train,train_0055,3,0,128412.jpg,0.1867,0.5102,0.2172
train,train_0055,2970,6,056956.jpg,0.1734,0.1578,0.2812
train,train_0056,10002,12,136279.jpg,0.543,0.8633,0.2266
train,train_0056,2336,4,172268.jpg,0.1555,0.8164,0.2828
train,train_0056,8335,11,079894.jpg,0.4727,0.1992,0.2297
train,train_0056,5695,9,192865.jpg,0.8562,0.8109,0.2281
train,train_0056,2619,5,020483.jpg,0.1594,0.175,0.2594
train,train_0056,4428,8,137090.jpg,0.8438,0.5125,0.2719
train,train_0056,3,0,079834.jpg,0.4945,0.4836,0.2703
train,train_0056,797,2,171166.jpg,0.8313,0.1844,0.2875
train,train_0056,7007,10,004680.jpg,0.1797,0.5094,0.2938
train,train_0057,1212,3,165992.jpg,0.8328,0.4875,0.2656
train,train_0057,7,1,003099.jpg,0.5219,0.5328,0.2562
train,train_0057,4422,7,143189.jpg,0.1484,0.1875,0.2906
train,train_0057,4428,8,021741.jpg,0.8781,0.8187,0.2375
train,train_0057,5695,9,188144.jpg,0.4953,0.1797,0.2687
train,train_0057,2970,6,112624.jpg,0.7914,0.1445,0.2203
train,train_0057,2619,5,106821.jpg,0.1453,0.5109,0.2656
train,train_0057,7007,10,161759.jpg,0.4547,0.8359,0.2406
train,train_0057,10002,12,147203.jpg,0.1469,0.7875,0.2313
train,train_0058,797,2,168801.jpg,0.1695,0.8336,0.2891
train,train_0058,2336,4,174476.jpg,0.8414,0.1711,0.3016
train,train_0058,3,0,008838.jpg,0.482,0.793,0.2297
train,train_0058,1212,3,173726.jpg,0.1953,0.1656,0.2469
train,train_0058,7,1,090356.jpg,0.5078,0.4984,0.2531
train,train_0058,8335,11,050860.jpg,0.8016,0.8547,0.2156
train,train_0058,4422,7,041625.jpg,0.143,0.4867,0.2859
train,train_0058,2970,6,136196.jpg,0.4672,0.2016,0.2469
train,train_0058,5695,9,184996.jpg,0.7922,0.5453,0.2344
train,train_0059,1212,3,164667.jpg,0.8039,0.1227,0.2172
train,train_0059,4422,7,094334.jpg,0.4906,0.1531,0.3031
train,train_0059,2336,4,176923.jpg,0.1898,0.4695,0.2422
train,train_0059,8335,11,078132.jpg,0.1789,0.8336,0.2922
train,train_0059,3,0,003029.jpg,0.4883,0.5195,0.2922
train,train_0059,10002,12,033005.jpg,0.818,0.4883,0.2828
train,train_0059,7007,10,122097.jpg,0.4844,0.8063,0.225
train,train_0059,4428,8,072601.jpg,0.1609,0.1719,0.2625
train,train_0059,797,2,179493.jpg,0.8492,0.8008,0.2297
train,train_0060,2619,5,133260.jpg,0.4945,0.1305,0.2328
train,train_0060,7,1,019811.jpg,0.8352,0.1773,0.3047
train,train_0060,2970,6,140037.jpg,0.8383,0.4727,0.2703
train,train_0060,797,2,179428.jpg,0.5141,0.8141,0.2938
train,train_0060,4422,7,130946.jpg,0.4867,0.4867,0.2984
train,train_0060,2336,4,180676.jpg,0.2055,0.4977,0.2484
train,train_0060,8335,11,020990.jpg,0.1516,0.8344,0.2969
train,train_0060,5695,9,195578.jpg,0.8445,0.8398,0.2859
train,train_0060,10002,12,109887.jpg,0.1602,0.1805,0.2453
train,train_0061,4428,8,107763.jpg,0.493,0.1945,0.2172
train,train_0061,7007,10,128347.jpg,0.2109,0.4625,0.2344
train,train_0061,1212,3,163499.jpg,0.4805,0.8117,0.2703
train,train_0061,3,0,122082.jpg,0.8695,0.818,0.2359
train,train_0061,7,1,045626.jpg,0.1844,0.7875,0.2375
train,train_0061,2619,5,098037.jpg,0.1289,0.1508,0.2359
train,train_0061,2336,4,176863.jpg,0.8727,0.4992,0.2328
train,train_0061,5695,9,187226.jpg,0.5195,0.5102,0.2172
train,train_0061,4422,7,004354.jpg,0.8461,0.1211,0.2203
train,train_0062,797,2,176077.jpg,0.1773,0.8445,0.2953
train,train_0062,7007,10,017103.jpg,0.8344,0.4828,0.2938
train,train_0062,3,0,016933.jpg,0.4789,0.1852,0.2922
train,train_0062,10002,12,060686.jpg,0.4805,0.8195,0.2797
train,train_0062,8335,11,062421.jpg,0.1906,0.4813,0.2562
train,train_0062,4428,8,096574.jpg,0.1242,0.1836,0.2422
train,train_0062,7,1,157436.jpg,0.8242,0.1602,0.2859
train,train_0062,2619,5,077828.jpg,0.5148,0.5508,0.2297
train,train_0062,1212,3,182082.jpg,0.8617,0.8273,0.2359
train,train_0063,2970,6,014435.jpg,0.1922,0.5156,0.275
train,train_0063,7007,10,035390.jpg,0.8656,0.4531,0.2344
train,train_0063,1212,3,179589.jpg,0.4953,0.5047,0.2531
train,train_0063,10002,12,161847.jpg,0.5148,0.8258,0.2984
train,train_0063,5695,9,187394.jpg,0.4664,0.1773,0.2578
train,train_0063,7,1,011904.jpg,0.1586,0.1836,0.2578
train,train_0063,8335,11,095539.jpg,0.8477,0.8102,0.2891
train,train_0063,4422,7,122740.jpg,0.7867,0.1367,0.2328
train,train_0063,797,2,171101.jpg,0.1562,0.8141,0.2875
train,train_0064,4428,8,092959.jpg,0.4914,0.4836,0.3016
train,train_0064,2336,4,181421.jpg,0.143,0.5008,0.2672
train,train_0064,2970,6,037013.jpg,0.5297,0.1766,0.2656
train,train_0064,3,0,161022.jpg,0.4992,0.8617,0.2547
train,train_0064,2619,5,065484.jpg,0.8523,0.8648,0.2391
train,train_0064,4422,7,079954.jpg,0.8359,0.5094,0.2219
train,train_0064,797,2,182522.jpg,0.1969,0.8422,0.2594
train,train_0064,7,1,130335.jpg,0.1805,0.1742,0.2578
train,train_0064,1212,3,168343.jpg,0.8273,0.1852,0.2859
train,train_0065,4428,8,053931.jpg,0.5156,0.1516,0.3
train,train_0065,8335,11,149243.jpg,0.7828,0.4828,0.225
train,train_0065,3,0,047989.jpg,0.1492,0.8492,0.2422
train,train_0065,7007,10,008453.jpg,0.8148,0.8633,0.2672
train,train_0065,2970,6,040067.jpg,0.1844,0.1562,0.2656
train,train_0065,2619,5,024006.jpg,0.5117,0.4695,0.2359
train,train_0065,5695,9,187604.jpg,0.8594,0.1984,0.2344
train,train_0065,2336,4,180987.jpg,0.4875,0.8172,0.2938
train,train_0065,10002,12,108249.jpg,0.1437,0.4906,0.2531
train,train_0066,2619,5,104026.jpg,0.8516,0.1469,0.2719
train,train_0066,8335,11,116772.jpg,0.8047,0.8328,0.225
train,train_0066,2970,6,143208.jpg,0.1422,0.5031,0.2469
train,train_0066,2336,4,174486.jpg,0.8273,0.5273,0.2766
train,train_0066,4422,7,073704.jpg,0.5203,0.1578,0.2719
train,train_0066,3,0,034630.jpg,0.2125,0.8469,0.2219
train,train_0066,4428,8,092565.jpg,0.4562,0.8672,0.2281
train,train_0066,7007,10,158011.jpg,0.4938,0.4609,0.2437
train,train_0066,10002,12,010797.jpg,0.1461,0.1727,0.2859
train,train_0067,797,2,179913.jpg,0.8289,0.1633,0.2297
train,train_0067,1212,3,166432.jpg,0.5086,0.1914,0.2797
train,train_0067,7,1,090940.jpg,0.143,0.5055,0.2453
train,train_0067,5695,9,186404.jpg,0.4906,0.8484,0.2875
train,train_0067,7007,10,081708.jpg,0.507,0.5102,0.2828
train,train_0067,3,0,110393.jpg,0.8297,0.8625,0.2687
train,train_0067,2970,6,134512.jpg,0.7961,0.5102,0.2172
train,train_0067,4422,7,131882.jpg,0.1359,0.1922,0.2687
train,train_0067,4428,8,005770.jpg,0.1148,0.8648,0.2234
train,train_0068,10002,12,059390.jpg,0.1195,0.7977,0.2172
train,train_0068,1212,3,167630.jpg,0.8125,0.8344,0.2406
train,train_0068,8335,11,148551.jpg,0.4922,0.8187,0.2656
train,train_0068,2336,4,179058.jpg,0.5016,0.4906,0.2625
train,train_0068,5695,9,201771.jpg,0.8141,0.175,0.2938
train,train_0068,7,1,091155.jpg,0.1555,0.4883,0.2516
train,train_0068,797,2,172881.jpg,0.8352,0.4883,0.3047
train,train_0068,2619,5,019964.jpg,0.468,0.1977,0.2703
train,train_0068,2970,6,088573.jpg,0.1859,0.1594,0.2469
train,train_0069,4422,7,141341.jpg,0.1602,0.1758,0.2797
train,train_0069,5695,9,185201.jpg,0.4898,0.1695,0.2797
train,train_0069,2336,4,172736.jpg,0.8422,0.1531,0.2969
train,train_0069,1212,3,178791.jpg,0.1734,0.8281,0.2969
train,train_0069,10002,12,070631.jpg,0.8242,0.4867,0.3047
train,train_0069,7,1,002065.jpg,0.8602,0.807,0.2766
train,train_0069,8335,11,035016.jpg,0.4906,0.8187,0.3031
train,train_0069,2619,5,043824.jpg,0.1469,0.5094,0.25
train,train_0069,7007,10,009812.jpg,0.4977,0.5086,0.2953
train,train_0070,797,2,167868.jpg,0.5406,0.5281,0.2406
train,train_0070,4428,8,154827.jpg,0.1437,0.4531,0.2219
train,train_0070,3,0,147878.jpg,0.7914,0.1508,0.2297
train,train_0070,7007,10,008453.jpg,0.8297,0.5109,0.2812
train,train_0070,2336,4,170089.jpg,0.5078,0.8391,0.2969
train,train_0070,5695,9,197905.jpg,0.8367,0.8477,0.2828
train,train_0070,2970,6,155764.jpg,0.1641,0.8453,0.2313
train,train_0070,7,1,019811.jpg,0.1656,0.1781,0.2938
train,train_0070,1212,3,179664.jpg,0.4766,0.1594,0.2844
train,train_0071,4422,7,117179.jpg,0.8039,0.4695,0.2172
train,train_0071,2619,5,072610.jpg,0.8672,0.1625,0.2375
train,train_0071,8335,11,148068.jpg,0.1891,0.1469,0.2562
train,train_0071,10002,12,070463.jpg,0.2008,0.8773,0.2359
train,train_0071,797,2,172544.jpg,0.5031,0.1812,0.2969
train,train_0071,4428,8,094613.jpg,0.1625,0.5219,0.2875
train,train_0071,3,0,003206.jpg,0.4914,0.8523,0.2766
train,train_0071,7007,10,158011.jpg,0.8469,0.8266,0.2812
train,train_0071,5695,9,194880.jpg,0.4914,0.5305,0.2516
train,train_0072,4428,8,012582.jpg,0.5062,0.1781,0.3031
train,train_0072,797,2,164872.jpg,0.4906,0.4938,0.2719
train,train_0072,10002,12,136320.jpg,0.1742,0.4945,0.3047
train,train_0072,2619,5,087544.jpg,0.1742,0.807,0.2359
train,train_0072,3,0,135808.jpg,0.7914,0.8477,0.2453
train,train_0072,4422,7,031675.jpg,0.8313,0.175,0.2938
train,train_0072,2336,4,165685.jpg,0.1492,0.1852,0.2703
train,train_0072,2970,6,050785.jpg,0.8391,0.5094,0.2687
train,train_0072,7,1,003099.jpg,0.4898,0.8336,0.2984
train,train_0073,8335,11,132025.jpg,0.1641,0.1656,0.2812
train,train_0073,1212,3,176057.jpg,0.8195,0.1492,0.2578
train,train_0073,4428,8,053403.jpg,0.4898,0.1758,0.2859
train,train_0073,4422,7,091150.jpg,0.4586,0.4867,0.2234
train,train_0073,797,2,170752.jpg,0.1727,0.7992,0.2484
train,train_0073,5695,9,190784.jpg,0.4992,0.8008,0.2672
train,train_0073,10002,12,094224.jpg,0.1922,0.5062,0.275
train,train_0073,2970,6,126467.jpg,0.8031,0.8172,0.225
train,train_0073,7,1,090940.jpg,0.8367,0.4977,0.2703
train,train_0074,3,0,093256.jpg,0.1672,0.5141,0.2781
train,train_0074,8335,11,025296.jpg,0.7945,0.5086,0.2391
train,train_0074,2619,5,030319.jpg,0.525,0.8484,0.225
train,train_0074,2336,4,174818.jpg,0.5008,0.1539,0.3016
train,train_0074,7007,10,099068.jpg,0.8102,0.8023,0.2672
train,train_0074,1212,3,164606.jpg,0.1414,0.1648,0.2672
train,train_0074,797,2,167868.jpg,0.8336,0.1664,0.2828
train,train_0074,4422,7,035594.jpg,0.1711,0.8461,0.2766
train,train_0074,7,1,121574.jpg,0.482,0.4586,0.2297
train,train_0075,5695,9,185201.jpg,0.1688,0.4609,0.2469
train,train_0075,3,0,072785.jpg,0.7922,0.8656,0.2531
train,train_0075,1212,3,176057.jpg,0.8648,0.5289,0.2484
train,train_0075,8335,11,055177.jpg,0.4789,0.2039,0.2578
train,train_0075,2619,5,030319.jpg,0.5211,0.5164,0.2641
train,train_0075,2336,4,176923.jpg,0.8406,0.1594,0.2938
train,train_0075,10002,12,108249.jpg,0.4625,0.8234,0.2313
train,train_0075,7007,10,035390.jpg,0.1531,0.8328,0.2875
train,train_0075,2970,6,053704.jpg,0.1922,0.1578,0.2781
train,train_0076,4428,8,005770.jpg,0.2102,0.1852,0.2359
train,train_0076,3,0,016933.jpg,0.532,0.4742,0.2609
train,train_0076,797,2,182522.jpg,0.8414,0.8258,0.2484
train,train_0076,2619,5,104026.jpg,0.832,0.518,0.2922
train,train_0076,1212,3,173726.jpg,0.5094,0.8562,0.2781
train,train_0076,7,1,017587.jpg,0.2109,0.5453,0.2281
train,train_0076,4422,7,091150.jpg,0.8047,0.1922,0.2781
train,train_0076,8335,11,155102.jpg,0.5141,0.1234,0.2469
train,train_0076,7007,10,122097.jpg,0.1578,0.8031,0.2531
train,train_0077,4428,8,012582.jpg,0.1594,0.8313,0.2375
train,train_0077,5695,9,187226.jpg,0.4953,0.1969,0.2594
train,train_0077,2970,6,136196.jpg,0.1508,0.4617,0.2484
train,train_0077,2336,4,176863.jpg,0.4898,0.4867,0.2516
train,train_0077,10002,12,136320.jpg,0.8359,0.4984,0.2219
train,train_0077,1212,3,165992.jpg,0.857,0.8117,0.2422
train,train_0077,4422,7,031675.jpg,0.168,0.132,0.2203
train,train_0077,3,0,034630.jpg,0.8438,0.1797,0.3
train,train_0077,7,1,090356.jpg,0.4883,0.8555,0.2766
train,train_0078,7007,10,029779.jpg,0.8242,0.5039,0.2891
train,train_0078,797,2,176077.jpg,0.4734,0.125,0.2406
train,train_0078,2970,6,050785.jpg,0.7945,0.1508,0.2297
train,train_0078,4428,8,096574.jpg,0.8227,0.8602,0.2734
train,train_0078,10002,12,070631.jpg,0.5547,0.5141,0.2219
train,train_0078,8335,11,148068.jpg,0.1195,0.4727,0.2359
train,train_0078,2336,4,180987.jpg,0.1523,0.1633,0.2984
train,train_0078,2619,5,024006.jpg,0.1859,0.8578,0.2594
train,train_0078,5695,9,197905.jpg,0.4656,0.825,0.2625
train,train_0079,5695,9,190784.jpg,0.457,0.8648,0.2266
train,train_0079,4422,7,131882.jpg,0.8555,0.4867,0.2859
train,train_0079,4428,8,072601.jpg,0.157,0.5305,0.2234
train,train_0079,7007,10,113130.jpg,0.5148,0.1727,0.2422
train,train_0079,1212,3,182418.jpg,0.4836,0.4758,0.2859
train,train_0079,797,2,164035.jpg,0.8172,0.1453,0.2875
train,train_0079,10002,12,060686.jpg,0.125,0.225,0.2156
train,train_0079,2970,6,143208.jpg,0.868,0.8352,0.2484
train,train_0079,7,1,131364.jpg,0.1758,0.8383,0.2609
train,train_0080,2619,5,020483.jpg,0.4922,0.1703,0.2906
train,train_0080,8335,11,130875.jpg,0.4906,0.8187,0.2781
train,train_0080,2336,4,172736.jpg,0.8219,0.7922,0.2531
train,train_0080,3,0,161022.jpg,0.1414,0.1945,0.2766
train,train_0080,797,2,174111.jpg,0.1328,0.8406,0.2344
train,train_0080,7007,10,004680.jpg,0.818,0.1789,0.3047
train,train_0080,2970,6,112624.jpg,0.15,0.4766,0.2594
train,train_0080,1212,3,164667.jpg,0.8492,0.4977,0.2578
train,train_0080,10002,12,010797.jpg,0.5305,0.4945,0.2422
train,train_0081,4428,8,107763.jpg,0.8242,0.4492,0.2172
train,train_0081,7,1,045626.jpg,0.5125,0.8422,0.3031
train,train_0081,5695,9,196735.jpg,0.8516,0.8547,0.2844
train,train_0081,8335,11,020990.jpg,0.45,0.1391,0.225
train,train_0081,2336,4,174476.jpg,0.7992,0.143,0.2578
train,train_0081,2619,5,019964.jpg,0.1594,0.8359,0.2719
train,train_0081,3,0,093256.jpg,0.1711,0.2195,0.2203
train,train_0081,4422,7,122740.jpg,0.1648,0.493,0.2922
train,train_0081,7007,10,061192.jpg,0.5062,0.5125,0.2906
train,train_0082,2619,5,072610.jpg,0.7789,0.8555,0.2234
train,train_0082,8335,11,025296.jpg,0.5234,0.4734,0.225
train,train_0082,1212,3,164382.jpg,0.8367,0.1367,0.2172
train,train_0082,2336,4,170089.jpg,0.5398,0.1508,0.2484
train,train_0082,5695,9,195578.jpg,0.1234,0.5375,0.2313
train,train_0082,797,2,170752.jpg,0.1969,0.1656,0.2687
train,train_0082,7,1,063094.jpg,0.1234,0.8578,0.2375
train,train_0082,2970,6,059300.jpg,0.5,0.8156,0.2812
train,train_0082,10002,12,070463.jpg,0.8727,0.493,0.2453
train,train_0083,4422,7,143189.jpg,0.7906,0.8297,0.2313
train,train_0083,4428,8,053931.jpg,0.1656,0.8313,0.275
train,train_0083,3,0,128412.jpg,0.8211,0.1773,0.2922
train,train_0083,7007,10,157709.jpg,0.1961,0.5273,0.2453
train,train_0083,797,2,172881.jpg,0.4984,0.4813,0.2375
train,train_0083,1212,3,164606.jpg,0.2086,0.2055,0.2422
train,train_0083,8335,11,035016.jpg,0.5281,0.2047,0.2437
train,train_0083,7,1,130335.jpg,0.475,0.85,0.2781
train,train_0083,5695,9,188144.jpg,0.8547,0.4906,0.2781
train,train_0084,4422,7,014356.jpg,0.5211,0.8367,0.2359
train,train_0084,10002,12,054636.jpg,0.8219,0.4844,0.2969
train,train_0084,2619,5,087544.jpg,0.8094,0.8063,0.2281
train,train_0084,3,0,003206.jpg,0.5055,0.4852,0.2859
train,train_0084,2336,4,181421.jpg,0.1344,0.8313,0.2437
train,train_0084,4428,8,101496.jpg,0.8492,0.143,0.2641
train,train_0084,2970,6,056956.jpg,0.1867,0.1664,0.2766
train,train_0084,7,1,038132.jpg,0.1703,0.475,0.2156
train,train_0084,5695,9,187394.jpg,0.5031,0.1734,0.3
train,train_0085,2970,6,140037.jpg,0.1539,0.1805,0.2984
train,train_0085,2336,4,174818.jpg,0.4594,0.5312,0.2375
train,train_0085,2619,5,119972.jpg,0.5148,0.143,0.2703
train,train_0085,797,2,179428.jpg,0.8531,0.2188,0.2281
train,train_0085,10002,12,161847.jpg,0.8672,0.8203,0.25
train,train_0085,3,0,135808.jpg,0.8359,0.4906,0.2531
train,train_0085,8335,11,095539.jpg,0.1883,0.8086,0.2453
train,train_0085,1212,3,174304.jpg,0.1648,0.4664,0.2672
train,train_0085,4422,7,117179.jpg,0.4969,0.8281,0.3031
train,train_0086,7007,10,161759.jpg,0.8594,0.8562,0.2313
train,train_0086,4428,8,053403.jpg,0.1672,0.8172,0.2781
train,train_0086,1212,3,179589.jpg,0.8133,0.4758,0.2453
train,train_0086,2970,6,079293.jpg,0.8313,0.1656,0.2969
train,train_0086,8335,11,062421.jpg,0.1445,0.457,0.2391
train,train_0086,2619,5,106821.jpg,0.1539,0.1992,0.2234
train,train_0086,797,2,171166.jpg,0.5172,0.1625,0.25
train,train_0086,7,1,157436.jpg,0.5266,0.8156,0.2469
train,train_0086,4422,7,130946.jpg,0.5211,0.4586,0.2453
train,train_0087,7007,10,081708.jpg,0.5305,0.8055,0.2578
train,train_0087,5695,9,198471.jpg,0.843,0.8352,0.2984
train,train_0087,2336,4,176926.jpg,0.8492,0.1602,0.2672
train,train_0087,4428,8,144087.jpg,0.4922,0.1609,0.2781
train,train_0087,3,0,147878.jpg,0.2102,0.1805,0.2172
train,train_0087,10002,12,052274.jpg,0.507,0.4977,0.2766
train,train_0087,8335,11,148551.jpg,0.8125,0.4547,0.2406
train,train_0087,7,1,022384.jpg,0.193,0.8023,0.2578
train,train_0087,2619,5,077828.jpg,0.1547,0.4703,0.2594
train,train_0088,2970,6,155764.jpg,0.1336,0.1805,0.2609
train,train_0088,3,0,110393.jpg,0.1516,0.5203,0.2812
train,train_0088,5695,9,201771.jpg,0.4859,0.8484,0.2344
train,train_0088,10002,12,041931.jpg,0.4992,0.1617,0.3016
train,train_0088,2336,4,178941.jpg,0.8125,0.1719,0.2719
train,train_0088,4428,8,092959.jpg,0.8344,0.8266,0.2969
train,train_0088,1212,3,182082.jpg,0.8398,0.5211,0.2734
train,train_0088,4422,7,079954.jpg,0.1734,0.8078,0.2469
train,train_0088,797,2,172544.jpg,0.4789,0.4836,0.2828
train,train_0089,7007,10,017103.jpg,0.4531,0.1313,0.2281
train,train_0089,3,0,047989.jpg,0.4898,0.4961,0.2391
train,train_0089,797,2,182078.jpg,0.8688,0.1547,0.225
train,train_0089,5695,9,192865.jpg,0.1734,0.5031,0.3031
train,train_0089,7,1,011904.jpg,0.8547,0.4609,0.2281
train,train_0089,10002,12,136279.jpg,0.1187,0.2,0.2156
train,train_0089,2336,4,167141.jpg,0.1617,0.818,0.3047
train,train_0089,4428,8,021741.jpg,0.5117,0.8398,0.2172
train,train_0089,2619,5,043824.jpg,0.8211,0.8227,0.2828
train,train_0090,8335,11,012721.jpg,0.1906,0.2188,0.2281
train,train_0090,4422,7,137002.jpg,0.1508,0.8461,0.2859
train,train_0090,7007,10,128347.jpg,0.8,0.5203,0.2687
train,train_0090,2970,6,126467.jpg,0.8469,0.2125,0.2188
train,train_0090,1212,3,179664.jpg,0.4758,0.193,0.2359
train,train_0090,4428,8,128332.jpg,0.8289,0.8039,0.2609
train,train_0090,2336,4,180676.jpg,0.4953,0.8187,0.2562
train,train_0090,7,1,002065.jpg,0.2172,0.5156,0.2188
train,train_0090,5695,9,187604.jpg,0.5219,0.5,0.2188
train,train_0091,2970,6,088573.jpg,0.4523,0.1133,0.2172
train,train_0091,1212,3,178791.jpg,0.5148,0.4992,0.2797
train,train_0091,10002,12,094224.jpg,0.4773,0.8289,0.2172
train,train_0091,3,0,016811.jpg,0.1891,0.8516,0.2156
train,train_0091,2619,5,098037.jpg,0.175,0.4922,0.3
train,train_0091,7007,10,158812.jpg,0.8281,0.1859,0.2875
train,train_0091,4422,7,141341.jpg,0.1336,0.1164,0.2297
train,train_0091,8335,11,149243.jpg,0.8195,0.4961,0.2922
train,train_0091,797,2,168801.jpg,0.8367,0.8398,0.3047
train,train_0092,10002,12,147203.jpg,0.5094,0.8406,0.2844
train,train_0092,2970,6,037013.jpg,0.8523,0.1773,0.2672
train,train_0092,8335,11,050860.jpg,0.1242,0.1289,0.2391
train,train_0092,2336,4,172268.jpg,0.182,0.8398,0.3016
train,train_0092,1212,3,163499.jpg,0.4539,0.5445,0.2328
train,train_0092,7,1,091155.jpg,0.1617,0.5148,0.2828
train,train_0092,7007,10,009812.jpg,0.8227,0.4883,0.2953
train,train_0092,4422,7,073704.jpg,0.5164,0.1508,0.2922
train,train_0092,2619,5,153337.jpg,0.8227,0.8164,0.2922
train,train_0093,5695,9,186404.jpg,0.1437,0.1734,0.2875
train,train_0093,3,0,043469.jpg,0.5047,0.5125,0.2969
train,train_0093,4428,8,154827.jpg,0.4828,0.175,0.2781
train,train_0093,797,2,171101.jpg,0.8789,0.7836,0.2234
train,train_0093,7007,10,029779.jpg,0.1742,0.8727,0.2422
train,train_0093,10002,12,033005.jpg,0.8484,0.1297,0.2531
train,train_0093,8335,11,116772.jpg,0.4875,0.8266,0.2938
train,train_0093,2970,6,134512.jpg,0.1492,0.507,0.2891
train,train_0093,2336,4,174486.jpg,0.8398,0.5102,0.2859
train,train_0094,3,0,003029.jpg,0.4875,0.1891,0.2437
train,train_0094,5695,9,184996.jpg,0.4977,0.818,0.2891
train,train_0094,4428,8,121977.jpg,0.4875,0.5047,0.2906
train,train_0094,4422,7,041625.jpg,0.832,0.1773,0.3047
train,train_0094,2619,5,013521.jpg,0.1836,0.5336,0.2328
train,train_0094,797,2,164872.jpg,0.1445,0.8445,0.2578
train,train_0094,7,1,063094.jpg,0.8414,0.8211,0.2766
train,train_0094,1212,3,168343.jpg,0.8086,0.5164,0.2672
train,train_0094,2970,6,023824.jpg,0.1625,0.1781,0.2719
train,train_0095,797,2,179493.jpg,0.1719,0.4984,0.2844
train,train_0095,1212,3,166432.jpg,0.8484,0.1703,0.3
train,train_0095,10002,12,059390.jpg,0.4805,0.1445,0.2828
train,train_0095,8335,11,132025.jpg,0.1344,0.8328,0.2469
train,train_0095,2336,4,165685.jpg,0.8016,0.4938,0.2562
train,train_0095,4428,8,137090.jpg,0.1906,0.1609,0.2313
train,train_0095,7,1,011904.jpg,0.5133,0.4727,0.2766
train,train_0095,4422,7,004354.jpg,0.5039,0.843,0.2234
train,train_0095,7007,10,122097.jpg,0.8445,0.8523,0.2359
train,train_0096,5695,9,198031.jpg,0.8266,0.1562,0.2844
train,train_0096,2619,5,133260.jpg,0.5437,0.8109,0.2406
train,train_0096,3,0,079834.jpg,0.1805,0.4836,0.2703
train,train_0096,4428,8,092565.jpg,0.4867,0.5242,0.2703
train,train_0096,2336,4,179829.jpg,0.8211,0.5102,0.3047
train,train_0096,7,1,131364.jpg,0.8391,0.8172,0.275
train,train_0096,8335,11,078132.jpg,0.4852,0.1727,0.2641
train,train_0096,10002,12,160681.jpg,0.1617,0.843,0.2453
train,train_0096,4422,7,094334.jpg,0.1922,0.1844,0.2562
train,train_0097,7007,10,004680.jpg,0.1781,0.5016,0.2812
train,train_0097,2970,6,014435.jpg,0.8547,0.7844,0.2375
train,train_0097,797,2,165865.jpg,0.5219,0.1375,0.2719
train,train_0097,1212,3,167630.jpg,0.1812,0.175,0.3
train,train_0097,2619,5,029868.jpg,0.4953,0.7859,0.2344
train,train_0097,5695,9,194880.jpg,0.8398,0.1805,0.2203
train,train_0097,3,0,122082.jpg,0.1383,0.818,0.2359
train,train_0097,4428,8,094613.jpg,0.8352,0.5148,0.2422
train,train_0097,8335,11,079894.jpg,0.4805,0.5133,0.2953
train,train_0098,2970,6,040067.jpg,0.4875,0.8016,0.2406
train,train_0098,797,2,179913.jpg,0.1648,0.4867,0.2953
train,train_0098,2336,4,179058.jpg,0.5141,0.5203,0.2844
train,train_0098,2619,5,065484.jpg,0.8602,0.518,0.2453
train,train_0098,4422,7,043327.jpg,0.8461,0.8414,0.2234
train,train_0098,5695,9,186288.jpg,0.8578,0.1359,0.2219
train,train_0098,3,0,008838.jpg,0.4688,0.1672,0.2719
train,train_0098,10002,12,109887.jpg,0.1516,0.1656,0.2906
train,train_0098,7007,10,017103.jpg,0.1914,0.8336,0.2828
train,train_0099,1212,3,176505.jpg,0.5297,0.2062,0.25
train,train_0099,7,1,017587.jpg,0.5055,0.4773,0.2859
train,train_0099,4422,7,004354.jpg,0.8031,0.2172,0.2313
train,train_0099,2336,4,178941.jpg,0.4938,0.8562,0.2562
train,train_0099,3,0,122082.jpg,0.7836,0.4914,0.2266
train,train_0099,7007,10,158812.jpg,0.1812,0.4859,0.2656
train,train_0099,5695,9,184996.jpg,0.1711,0.1477,0.2391
train,train_0099,8335,11,078132.jpg,0.1922,0.7828,0.2156
train,train_0099,10002,12,059390.jpg,0.8805,0.8508,0.2328
train,train_0100,2619,5,133260.jpg,0.1375,0.5312,0.2687
train,train_0100,2970,6,088573.jpg,0.8641,0.8609,0.2313
train,train_0100,7,1,090356.jpg,0.1219,0.8047,0.2375
train,train_0100,1212,3,174304.jpg,0.5016,0.8469,0.2844
train,train_0100,797,2,164035.jpg,0.8266,0.1719,0.2469
train,train_0100,4428,8,092565.jpg,0.1773,0.1633,0.2891
train,train_0100,2336,4,172736.jpg,0.4805,0.4711,0.2703
train,train_0100,5695,9,197905.jpg,0.8086,0.5086,0.2578
train,train_0100,3,0,072785.jpg,0.507,0.1227,0.2422
train,train_0101,7007,10,161759.jpg,0.8359,0.8453,0.25
train,train_0101,10002,12,054636.jpg,0.8352,0.1352,0.2641
train,train_0101,2970,6,050785.jpg,0.5039,0.4977,0.2922
train,train_0101,8335,11,148068.jpg,0.1648,0.8289,0.2828
train,train_0101,4428,8,005770.jpg,0.1602,0.1633,0.2891
train,train_0101,7,1,038132.jpg,0.4859,0.1641,0.3
train,train_0101,2619,5,077828.jpg,0.8648,0.5039,0.2203
train,train_0101,1212,3,178791.jpg,0.1313,0.4688,0.2281
train,train_0101,4422,7,031675.jpg,0.4742,0.8633,0.2609
train,train_0102,797,2,171101.jpg,0.8219,0.4859,0.3
train,train_0102,7007,10,113130.jpg,0.5211,0.5352,0.2484
train,train_0102,2619,5,020483.jpg,0.4797,0.8234,0.2906
train,train_0102,4428,8,072601.jpg,0.1547,0.4797,0.2906
train,train_0102,2336,4,174476.jpg,0.157,0.1898,0.2391
train,train_0102,4422,7,043327.jpg,0.8414,0.1648,0.2891
train,train_0102,3,0,135808.jpg,0.8273,0.8242,0.2859
train,train_0102,8335,11,095539.jpg,0.5414,0.1883,0.2422
train,train_0102,7,1,002065.jpg,0.1867,0.8148,0.2578
train,train_0103,1212,3,164606.jpg,0.5148,0.4898,0.2953
train,train_0103,2970,6,134512.jpg,0.8508,0.5086,0.2891
train,train_0103,797,2,172881.jpg,0.8258,0.1617,0.3047
train,train_0103,10002,12,052274.jpg,0.8063,0.825,0.2313
train,train_0103,5695,9,187604.jpg,0.5078,0.8391,0.2969
train,train_0103,4428,8,053403.jpg,0.168,0.1805,0.3016
train,train_0103,2336,4,179829.jpg,0.1719,0.525,0.2656
train,train_0103,7,1,121574.jpg,0.5312,0.15,0.2625
train,train_0103,4422,7,035594.jpg,0.1172,0.8688,0.2281
train,train_0104,2970,6,053704.jpg,0.1555,0.493,0.3016
train,train_0104,10002,12,010797.jpg,0.8461,0.1617,0.2953
train,train_0104,8335,11,132025.jpg,0.2039,0.1508,0.2578
train,train_0104,7007,10,099068.jpg,0.8594,0.8016,0.2687
train,train_0104,3,0,016811.jpg,0.8102,0.5055,0.2859
train,train_0104,5695,9,186404.jpg,0.1617,0.8617,0.2734
train,train_0104,2619,5,013521.jpg,0.5195,0.1992,0.2328
train,train_0104,797,2,167868.jpg,0.5266,0.8391,0.2406
train,train_0104,1212,3,179664.jpg,0.5281,0.4734,0.2656
train,train_0105,2336,4,176926.jpg,0.832,0.1539,0.2984
train,train_0105,3,0,016933.jpg,0.4531,0.5375,0.2344
train,train_0105,1212,3,166432.jpg,0.8609,0.5078,0.2406
train,train_0105,4428,8,092959.jpg,0.4656,0.8531,0.2562
train,train_0105,10002,12,136279.jpg,0.7883,0.8461,0.2453
train,train_0105,4422,7,079954.jpg,0.1141,0.4516,0.2156
train,train_0105,5695,9,190784.jpg,0.5047,0.1562,0.2687
train,train_0105,2970,6,112624.jpg,0.125,0.7937,0.2344
train,train_0105,797,2,182078.jpg,0.1883,0.1742,0.2891
train,train_0106,8335,11,116772.jpg,0.1484,0.1766,0.2969
train,train_0106,2619,5,098037.jpg,0.1812,0.4828,0.2437
train,train_0106,7007,10,008453.jpg,0.8375,0.85,0.2219
train,train_0106,7,1,003099.jpg,0.7977,0.5258,0.2453
train,train_0106,4422,7,141341.jpg,0.8508,0.1398,0.2359
train,train_0106,2336,4,165685.jpg,0.4781,0.8266,0.2812
train,train_0106,2970,6,023824.jpg,0.5086,0.4695,0.2516
train,train_0106,4428,8,021741.jpg,0.1797,0.8266,0.3031
train,train_0106,10002,12,161847.jpg,0.4891,0.1797,0.2906
train,train_0107,2619,5,024006.jpg,0.1688,0.5203,0.2875
train,train_0107,7,1,022384.jpg,0.4609,0.5391,0.25
train,train_0107,5695,9,185201.jpg,0.2,0.1172,0.2219
train,train_0107,3,0,110393.jpg,0.5188,0.1281,0.2375
train,train_0107,797,2,172544.jpg,0.4828,0.8531,0.275
train,train_0107,8335,11,025296.jpg,0.8555,0.8523,0.2641
train,train_0107,7007,10,081708.jpg,0.1781,0.8453,0.2844
train,train_0107,1212,3,179589.jpg,0.8383,0.1883,0.2859
train,train_0107,4428,8,101496.jpg,0.8078,0.4656,0.25
train,train_0108,1212,3,176057.jpg,0.168,0.5227,0.2766
train,train_0108,8335,11,149243.jpg,0.8195,0.5336,0.2266
train,train_0108,7007,10,128347.jpg,0.4602,0.782,0.2234
train,train_0108,3,0,043469.jpg,0.8367,0.807,0.2828
train,train_0108,2970,6,126467.jpg,0.1273,0.1852,0.2328
train,train_0108,7,1,019811.jpg,0.4758,0.1867,0.2859
train,train_0108,2619,5,029868.jpg,0.8586,0.182,0.2297
train,train_0108,4422,7,137002.jpg,0.1781,0.7937,0.2375
train,train_0108,797,2,170752.jpg,0.4664,0.5102,0.2234
train,train_0109,2336,4,176863.jpg,0.4656,0.8469,0.2625
train,train_0109,10002,12,136320.jpg,0.8234,0.5016,0.2219
train,train_0109,5695,9,195578.jpg,0.5281,0.5156,0.2625
train,train_0109,3,0,003029.jpg,0.8531,0.8656,0.2594
train,train_0109,2970,6,155764.jpg,0.1516,0.4578,0.2469
train,train_0109,4428,8,121977.jpg,0.4938,0.1578,0.3031
train,train_0109,8335,11,062421.jpg,0.1406,0.7922,0.2313
train,train_0109,7007,10,158011.jpg,0.8039,0.1773,0.2484
train,train_0109,797,2,182522.jpg,0.2055,0.1711,0.2297
train,train_0110,2336,4,180987.jpg,0.7828,0.1156,0.2188
train,train_0110,4422,7,073704.jpg,0.8297,0.4859,0.3031
train,train_0110,10002,12,060686.jpg,0.1875,0.1719,0.2812
train,train_0110,1212,3,165992.jpg,0.4992,0.1695,0.2734
train,train_0110,2619,5,072610.jpg,0.5148,0.7805,0.2297
train,train_0110,7,1,157436.jpg,0.1805,0.8336,0.2672
train,train_0110,5695,9,198471.jpg,0.1656,0.4891,0.2656
train,train_0110,8335,11,055177.jpg,0.4672,0.4969,0.2469
train,train_0110,7007,10,009812.jpg,0.8008,0.8742,0.2359
train,train_0111,2619,5,019964.jpg,0.1633,0.2117,0.2422
train,train_0111,2970,6,014435.jpg,0.8305,0.1805,0.2922
train,train_0111,4428,8,107763.jpg,0.4992,0.1711,0.2984
train,train_0111,2336,4,176923.jpg,0.8547,0.8063,0.225
train,train_0111,3,0,034630.jpg,0.1453,0.4922,0.2375
train,train_0111,797,2,179428.jpg,0.8203,0.5016,0.3
train,train_0111,5695,9,194880.jpg,0.1352,0.882,0.2172
train,train_0111,7,1,090940.jpg,0.4875,0.5437,0.2344
train,train_0111,10002,12,033005.jpg,0.5297,0.7984,0.2531
train,train_0112,4422,7,131882.jpg,0.1547,0.1609,0.2781
train,train_0112,1212,3,164667.jpg,0.7953,0.125,0.2313
train,train_0112,2970,6,136196.jpg,0.1484,0.8172,0.2875
train,train_0112,8335,11,020990.jpg,0.4977,0.8461,0.2672
train,train_0112,10002,12,108249.jpg,0.4781,0.1375,0.2313
train,train_0112,7,1,091155.jpg,0.832,0.8164,0.2234
train,train_0112,3,0,003206.jpg,0.1797,0.525,0.2781
train,train_0112,2619,5,043824.jpg,0.8109,0.5031,0.25
train,train_0112,2336,4,174818.jpg,0.5062,0.5078,0.2938
train,train_0113,4428,8,094613.jpg,0.1492,0.5008,0.2453
train,train_0113,4422,7,094334.jpg,0.8211,0.1977,0.2391
train,train_0113,7007,10,157709.jpg,0.5297,0.1672,0.2687
train,train_0113,797,2,164872.jpg,0.5086,0.8555,0.2766
train,train_0113,1212,3,182082.jpg,0.182,0.8445,0.2609
train,train_0113,5695,9,187226.jpg,0.7844,0.5391,0.225
train,train_0113,3,0,128412.jpg,0.1781,0.1547,0.3031
train,train_0113,7,1,045626.jpg,0.5234,0.4906,0.275
train,train_0113,10002,12,109887.jpg,0.8219,0.825,0.2469
train,train_0114,8335,11,050860.jpg,0.1805,0.1539,0.2641
train,train_0114,5695,9,201771.jpg,0.1711,0.5133,0.2922
train,train_0114,7007,10,035390.jpg,0.7734,0.4906,0.2156
train,train_0114,4422,7,091150.jpg,0.5297,0.4891,0.2687
train,train_0114,1212,3,176505.jpg,0.8469,0.2141,0.2219
train,train_0114,797,2,168801.jpg,0.525,0.8531,0.2719
train,train_0114,4428,8,154827.jpg,0.4617,0.1398,0.2484
train,train_0114,2970,6,140037.jpg,0.1352,0.8227,0.2266
train,train_0114,2336,4,179058.jpg,0.8086,0.8055,0.2766
train,train_0115,2619,5,153337.jpg,0.8234,0.4719,0.2188
train,train_0115,5695,9,198031.jpg,0.8328,0.8719,0.2437
train,train_0115,797,2,179913.jpg,0.5102,0.5289,0.2516
train,train_0115,3,0,047989.jpg,0.5008,0.8352,0.2859
train,train_0115,7007,10,061192.jpg,0.8578,0.1812,0.275
train,train_0115,10002,12,041931.jpg,0.1578,0.5281,0.2313
train,train_0115,4428,8,012582.jpg,0.4594,0.2094,0.225
train,train_0115,1212,3,164382.jpg,0.1617,0.8133,0.2828
train,train_0115,2970,6,059300.jpg,0.1531,0.1578,0.2812
train,train_0116,8335,11,035016.jpg,0.5102,0.518,0.2797
train,train_0116,4422,7,130946.jpg,0.8773,0.4539,0.2328
train,train_0116,7,1,130335.jpg,0.1633,0.8039,0.2641
train,train_0116,2336,4,167141.jpg,0.1797,0.1875,0.225
train,train_0116,2619,5,106821.jpg,0.7969,0.8297,0.2531
train,train_0116,3,0,008838.jpg,0.843,0.1477,0.2516
train,train_0116,5695,9,187394.jpg,0.1586,0.5148,0.2766
train,train_0116,1212,3,182418.jpg,0.4953,0.8453,0.2281
train,train_0116,10002,12,094224.jpg,0.5141,0.175,0.3
train,train_0117,2619,5,030319.jpg,0.4539,0.8117,0.2359
train,train_0117,7,1,091155.jpg,0.1422,0.5328,0.2625
train,train_0117,2970,6,056956.jpg,0.7898,0.1836,0.2484
train,train_0117,7007,10,158011.jpg,0.8141,0.8531,0.2844
train,train_0117,4422,7,041625.jpg,0.5406,0.5188,0.2406
train,train_0117,797,2,165865.jpg,0.1969,0.2016,0.2594
train,train_0117,2336,4,174486.jpg,0.1758,0.8227,0.3047
train,train_0117,8335,11,079894.jpg,0.8086,0.4992,0.2797
train,train_0117,4428,8,137090.jpg,0.4922,0.1922,0.2437
train,train_0118,5695,9,196735.jpg,0.5164,0.8477,0.2984
train,train_0118,8335,11,012721.jpg,0.8711,0.518,0.2422
train,train_0118,2970,6,143208.jpg,0.5109,0.1609,0.2219
train,train_0118,2336,4,181421.jpg,0.1859,0.4984,0.2812
train,train_0118,797,2,179493.jpg,0.15,0.1828,0.2875
train,train_0118,10002,12,070631.jpg,0.8195,0.8273,0.2953
train,train_0118,4428,8,144087.jpg,0.507,0.4977,0.2516
train,train_0118,3,0,147878.jpg,0.8539,0.1461,0.2516
train,train_0118,1212,3,168343.jpg,0.132,0.8508,0.2516
train,train_0119,7007,10,161759.jpg,0.8352,0.5227,0.2797
train,train_0119,7,1,090940.jpg,0.4742,0.1898,0.2297
train,train_0119,4422,7,014356.jpg,0.1445,0.8336,0.2609
train,train_0119,2619,5,087544.jpg,0.8187,0.1562,0.2844
train,train_0119,2336,4,172268.jpg,0.1547,0.5172,0.2969
train,train_0119,8335,11,130875.jpg,0.4898,0.8352,0.3016
train,train_0119,5695,9,188144.jpg,0.1602,0.1789,0.2859
train,train_0119,10002,12,070463.jpg,0.4844,0.5062,0.275
train,train_0119,797,2,176077.jpg,0.8586,0.8195,0.2297
train,train_0120,1212,3,167630.jpg,0.4859,0.8484,0.2656
train,train_0120,4428,8,096574.jpg,0.1906,0.4828,0.2781
train,train_0120,2619,5,065484.jpg,0.8383,0.8461,0.3047
train,train_0120,7007,10,029779.jpg,0.4961,0.4836,0.2234
train,train_0120,4422,7,143189.jpg,0.8281,0.1875,0.2687
train,train_0120,3,0,093256.jpg,0.1602,0.2164,0.2234
train,train_0120,2970,6,040067.jpg,0.1523,0.8305,0.2828
train,train_0120,7,1,002065.jpg,0.825,0.5219,0.2875
train,train_0120,10002,12,147203.jpg,0.507,0.1602,0.2766
val,val_0001,2970,6,085698.jpg,0.8359,0.8359,0.3
val,val_0001,4422,7,084180.jpg,0.1492,0.1805,0.2703
val,val_0001,4428,8,127112.jpg,0.5094,0.1516,0.2906
val,val_0001,2336,4,177788.jpg,0.4898,0.8445,0.2891
val,val_0001,2619,5,139125.jpg,0.5062,0.5188,0.2875
val,val_0001,7,1,140464.jpg,0.8305,0.5117,0.3047
val,val_0001,7007,10,150463.jpg,0.1422,0.8109,0.2687
val,val_0001,1212,3,162783.jpg,0.1773,0.5289,0.2609
val,val_0001,10002,12,134660.jpg,0.8391,0.1625,0.3
val,val_0002,5695,9,202308.jpg,0.5352,0.1664,0.2266
val,val_0002,797,2,181393.jpg,0.4844,0.4953,0.2969
val,val_0002,8335,11,065213.jpg,0.1641,0.4656,0.25
val,val_0002,3,0,024085.jpg,0.5086,0.8211,0.2953
val,val_0002,7,1,115977.jpg,0.8195,0.168,0.2641
val,val_0002,7007,10,000491.jpg,0.1781,0.8187,0.2594
val,val_0002,2336,4,170253.jpg,0.1836,0.1727,0.2484
val,val_0002,4428,8,099151.jpg,0.8422,0.8734,0.2219
val,val_0002,2619,5,112824.jpg,0.7789,0.5195,0.2234
val,val_0003,10002,12,079470.jpg,0.8281,0.1781,0.2875
val,val_0003,8335,11,141905.jpg,0.1742,0.4945,0.2641
val,val_0003,2970,6,115896.jpg,0.4953,0.8484,0.2469
val,val_0003,3,0,113790.jpg,0.2109,0.7766,0.2188
val,val_0003,5695,9,191257.jpg,0.4719,0.1781,0.2406
val,val_0003,4422,7,150344.jpg,0.482,0.5102,0.2891
val,val_0003,1212,3,178124.jpg,0.85,0.4953,0.2938
val,val_0003,797,2,181093.jpg,0.8164,0.8477,0.2828
val,val_0003,7,1,007335.jpg,0.1656,0.1641,0.2594
val,val_0004,3,0,047009.jpg,0.532,0.8398,0.2578
val,val_0004,1212,3,163117.jpg,0.1648,0.5133,0.2922
val,val_0004,2970,6,053583.jpg,0.5258,0.532,0.2609
val,val_0004,2619,5,031808.jpg,0.1781,0.8734,0.2219
val,val_0004,4428,8,057432.jpg,0.8125,0.1844,0.2375
val,val_0004,797,2,176673.jpg,0.8016,0.5047,0.2719
val,val_0004,2336,4,180362.jpg,0.4992,0.1805,0.2953
val,val_0004,10002,12,052602.jpg,0.8523,0.8414,0.2578
val,val_0004,8335,11,097275.jpg,0.1828,0.1328,0.2313
val,val_0005,4422,7,027448.jpg,0.1938,0.2234,0.2188
val,val_0005,7007,10,095414.jpg,0.1914,0.4805,0.2203
val,val_0005,5695,9,201941.jpg,0.8531,0.4859,0.2687
val,val_0005,10002,12,052602.jpg,0.5031,0.1719,0.2531
val,val_0005,7,1,095162.jpg,0.8492,0.1711,0.2672
val,val_0005,4428,8,099151.jpg,0.1672,0.7937,0.2188
val,val_0005,1212,3,173303.jpg,0.7945,0.8539,0.2172
val,val_0005,2619,5,150851.jpg,0.4789,0.4867,0.2859
val,val_0005,3,0,021233.jpg,0.5383,0.7992,0.2234
val,val_0006,2336,4,164885.jpg,0.1664,0.1695,0.2797
val,val_0006,4422,7,034517.jpg,0.8164,0.1602,0.2984
val,val_0006,2970,6,115873.jpg,0.8273,0.518,0.2516
val,val_0006,797,2,169205.jpg,0.5391,0.4859,0.2313
val,val_0006,8335,11,076075.jpg,0.4883,0.1445,0.2672
val,val_0006,7007,10,010363.jpg,0.4875,0.8234,0.3
val,val_0006,5695,9,186955.jpg,0.15,0.8344,0.2844
val,val_0006,1212,3,163117.jpg,0.8469,0.8469,0.275
val,val_0006,7,1,095162.jpg,0.1469,0.4672,0.2562
val,val_0007,7007,10,010363.jpg,0.5227,0.1258,0.2453
val,val_0007,797,2,181093.jpg,0.8031,0.15,0.25
val,val_0007,2970,6,085698.jpg,0.8414,0.8586,0.2703
val,val_0007,3,0,021233.jpg,0.4898,0.8352,0.2391
val,val_0007,2619,5,139125.jpg,0.4875,0.5125,0.3
val,val_0007,2336,4,164885.jpg,0.1437,0.5281,0.225
val,val_0007,4428,8,057432.jpg,0.1391,0.7906,0.2469
val,val_0007,8335,11,097275.jpg,0.8375,0.4641,0.2188
val,val_0007,4422,7,084180.jpg,0.1773,0.1836,0.2859
val,val_0008,10002,12,079470.jpg,0.1133,0.1867,0.2266
val,val_0008,5695,9,201941.jpg,0.5375,0.8406,0.2344
val,val_0008,4428,8,127112.jpg,0.1961,0.5148,0.2578
val,val_0008,2619,5,150851.jpg,0.2016,0.7922,0.2219
val,val_0008,797,2,176673.jpg,0.4867,0.4883,0.3047
val,val_0008,1212,3,178124.jpg,0.7883,0.1992,0.2328
val,val_0008,7007,10,150463.jpg,0.7914,0.5195,0.2391
val,val_0008,4422,7,150344.jpg,0.5109,0.1484,0.2969
val,val_0008,8335,11,076075.jpg,0.8156,0.8344,0.2562
val,val_0009,2336,4,177788.jpg,0.8547,0.1797,0.2812
val,val_0009,5695,9,186955.jpg,0.8211,0.4789,0.2703
val,val_0009,2970,6,115873.jpg,0.1898,0.5008,0.2234
val,val_0009,3,0,024085.jpg,0.5125,0.1328,0.2625
val,val_0009,7,1,007335.jpg,0.1289,0.8133,0.2578
val,val_0009,10002,12,134660.jpg,0.8117,0.8414,0.2859
val,val_0009,7007,10,095414.jpg,0.4727,0.8242,0.2266
val,val_0009,4422,7,027448.jpg,0.4977,0.5164,0.2672
val,val_0009,2619,5,031808.jpg,0.1578,0.2094,0.2375
val,val_0010,7,1,140464.jpg,0.1516,0.5156,0.2531
val,val_0010,8335,11,065213.jpg,0.8359,0.5047,0.3
val,val_0010,5695,9,191257.jpg,0.4672,0.1391,0.2344
val,val_0010,3,0,047009.jpg,0.2109,0.8844,0.225
val,val_0010,10002,12,134660.jpg,0.1141,0.1984,0.2188
val,val_0010,4428,8,127112.jpg,0.4844,0.5016,0.2906
val,val_0010,1212,3,173303.jpg,0.8164,0.8633,0.2609
val,val_0010,2336,4,170253.jpg,0.5148,0.8023,0.2672
val,val_0010,797,2,169205.jpg,0.8484,0.1781,0.2562
val,val_0011,2970,6,053583.jpg,0.8148,0.1664,0.2766
val,val_0011,10002,12,079470.jpg,0.5133,0.507,0.2953
val,val_0011,797,2,181393.jpg,0.4742,0.8336,0.2484
val,val_0011,5695,9,202308.jpg,0.8328,0.5141,0.2906
val,val_0011,2619,5,112824.jpg,0.1844,0.4953,0.2906
val,val_0011,4422,7,034517.jpg,0.518,0.1789,0.2516
val,val_0011,8335,11,141905.jpg,0.1578,0.1953,0.2469
val,val_0011,7007,10,000491.jpg,0.857,0.8352,0.2234
val,val_0011,3,0,113790.jpg,0.1688,0.8063,0.2437
val,val_0012,7,1,115977.jpg,0.4688,0.8359,0.2625
val,val_0012,2336,4,180362.jpg,0.2062,0.1375,0.225
val,val_0012,4428,8,057432.jpg,0.1828,0.8156,0.2938
val,val_0012,2970,6,115896.jpg,0.4953,0.1641,0.2875
val,val_0012,1212,3,162783.jpg,0.8109,0.1859,0.2812
val,val_0012,797,2,176673.jpg,0.8523,0.5039,0.2891
val,val_0012,3,0,113790.jpg,0.857,0.8492,0.2578
val,val_0012,2619,5,150851.jpg,0.1453,0.5375,0.2531
val,val_0012,4422,7,150344.jpg,0.4742,0.4898,0.2641
test,test_0001,2336,4,175969.jpg,0.4852,0.8602,0.2609
test,test_0001,10002,12,090223.jpg,0.5,0.1719,0.2156
test,test_0001,797,2,179429.jpg,0.8367,0.843,0.2609
test,test_0001,5695,9,200337.jpg,0.8313,0.175,0.2969
test,test_0001,3,0,095762.jpg,0.5508,0.443,0.2172
test,test_0001,4422,7,081031.jpg,0.1641,0.1781,0.2281
test,test_0001,4428,8,053429.jpg,0.1797,0.5031,0.2625
test,test_0001,8335,11,162646.jpg,0.1781,0.8797,0.2313
test,test_0001,7,1,036895.jpg,0.8719,0.4938,0.2344
test,test_0002,2619,5,161029.jpg,0.8297,0.2016,0.2625
test,test_0002,1212,3,173202.jpg,0.1719,0.1641,0.2781
test,test_0002,7007,10,036181.jpg,0.7852,0.7852,0.2203
test,test_0002,2970,6,066991.jpg,0.5188,0.8234,0.2406
test,test_0002,797,2,162875.jpg,0.4945,0.4898,0.2672
test,test_0002,2336,4,164485.jpg,0.4828,0.1547,0.2687
test,test_0002,10002,12,143088.jpg,0.1688,0.5141,0.3031
test,test_0002,8335,11,136556.jpg,0.1586,0.8789,0.2172
test,test_0002,3,0,121749.jpg,0.8281,0.5062,0.3031
test,test_0003,7,1,009932.jpg,0.4969,0.8375,0.2719
test,test_0003,2619,5,037687.jpg,0.2078,0.5563,0.2188
test,test_0003,4428,8,145187.jpg,0.1484,0.8297,0.2812
test,test_0003,4422,7,067800.jpg,0.1344,0.1344,0.2281
test,test_0003,7007,10,135536.jpg,0.7953,0.1656,0.2375
test,test_0003,2970,6,096579.jpg,0.8492,0.8289,0.2953
test,test_0003,5695,9,193855.jpg,0.4805,0.4867,0.2922
test,test_0003,1212,3,167742.jpg,0.5445,0.1711,0.2328
test,test_0003,10002,12,043785.jpg,0.8477,0.4789,0.2922
test,test_0004,3,0,045833.jpg,0.782,0.857,0.2266
test,test_0004,5695,9,201837.jpg,0.5242,0.8664,0.2359
test,test_0004,7,1,157832.jpg,0.8102,0.2086,0.2203
test,test_0004,4428,8,114753.jpg,0.1805,0.8695,0.2359
test,test_0004,8335,11,044735.jpg,0.5125,0.4781,0.2875
test,test_0004,7007,10,067739.jpg,0.1734,0.4734,0.2406
test,test_0004,2336,4,173519.jpg,0.4977,0.1492,0.2703
test,test_0004,797,2,168369.jpg,0.8305,0.4914,0.2172
test,test_0004,2619,5,071983.jpg,0.1641,0.1578,0.2875
test,test_0005,2970,6,037362.jpg,0.1328,0.7969,0.2219
test,test_0005,4422,7,073849.jpg,0.8148,0.1414,0.2797
test,test_0005,1212,3,169060.jpg,0.8484,0.5328,0.2562
test,test_0005,7007,10,011677.jpg,0.5359,0.5094,0.2406
test,test_0005,5695,9,184773.jpg,0.5195,0.1852,0.2922
test,test_0005,797,2,169927.jpg,0.8562,0.8234,0.2719
test,test_0005,7,1,020284.jpg,0.1617,0.5055,0.2953
test,test_0005,8335,11,064846.jpg,0.5219,0.8781,0.2188
test,test_0005,3,0,067332.jpg,0.2,0.1547,0.2656
test,test_0006,2619,5,061205.jpg,0.1805,0.8852,0.2234
test,test_0006,2336,4,172502.jpg,0.4813,0.5,0.2281
test,test_0006,10002,12,143088.jpg,0.8102,0.1461,0.2766
test,test_0006,4428,8,114753.jpg,0.1602,0.4789,0.2828
test,test_0006,1212,3,171256.jpg,0.175,0.1437,0.2812
test,test_0006,4422,7,000175.jpg,0.4953,0.8187,0.2781
test,test_0006,2970,6,018364.jpg,0.5,0.1578,0.2531
test,test_0006,7,1,036895.jpg,0.8453,0.5344,0.2313
test,test_0006,8335,11,136556.jpg,0.825,0.8406,0.3031
test,test_0007,2619,5,061205.jpg,0.4617,0.4523,0.2297
test,test_0007,2970,6,018364.jpg,0.1586,0.1508,0.2922
test,test_0007,10002,12,043785.jpg,0.8508,0.1617,0.2859
test,test_0007,5695,9,193855.jpg,0.1375,0.5531,0.225
test,test_0007,797,2,179429.jpg,0.8156,0.8391,0.2969
test,test_0007,1212,3,173202.jpg,0.5258,0.1492,0.2328
test,test_0007,3,0,067332.jpg,0.1672,0.8156,0.3
test,test_0007,4428,8,053429.jpg,0.4836,0.8461,0.2578
test,test_0007,7007,10,067739.jpg,0.8063,0.5266,0.2781
test,test_0008,2336,4,164485.jpg,0.1484,0.2031,0.25
test,test_0008,4422,7,081031.jpg,0.1445,0.4852,0.2547
test,test_0008,10002,12,090223.jpg,0.8562,0.1859,0.2594
test,test_0008,8335,11,044735.jpg,0.5266,0.8469,0.275
test,test_0008,3,0,121749.jpg,0.8219,0.5422,0.2437
test,test_0008,7007,10,135536.jpg,0.4867,0.5086,0.3016
test,test_0008,797,2,168369.jpg,0.1836,0.818,0.2547
test,test_0008,4428,8,145187.jpg,0.5094,0.175,0.2969
test,test_0008,2970,6,037362.jpg,0.8516,0.8297,0.2687
test,test_0009,1212,3,169060.jpg,0.1719,0.2156,0.2219
test,test_0009,7,1,020284.jpg,0.1305,0.4867,0.2266
test,test_0009,2336,4,175969.jpg,0.4695,0.1414,0.2734
test,test_0009,5695,9,184773.jpg,0.8352,0.2023,0.2578
test,test_0009,4422,7,000175.jpg,0.5195,0.4742,0.2172
test,test_0009,2619,5,037687.jpg,0.4734,0.8766,0.2281
test,test_0009,10002,12,090223.jpg,0.8102,0.4992,0.2859
test,test_0009,3,0,095762.jpg,0.1969,0.8469,0.2719
test,test_0009,8335,11,064846.jpg,0.8336,0.8398,0.2641
test,test_0010,7007,10,036181.jpg,0.8672,0.8219,0.2562
test,test_0010,797,2,169927.jpg,0.5086,0.4898,0.3047
test,test_0010,1212,3,167742.jpg,0.1891,0.1437,0.2844
test,test_0010,2336,4,173519.jpg,0.8102,0.4742,0.2828
test,test_0010,4422,7,073849.jpg,0.5305,0.1336,0.2672
test,test_0010,5695,9,201837.jpg,0.7953,0.1406,0.2281
test,test_0010,4428,8,114753.jpg,0.4773,0.8352,0.2266
test,test_0010,2970,6,096579.jpg,0.1258,0.5414,0.2453
test,test_0010,2619,5,161029.jpg,0.175,0.8578,0.2781
test,test_0011,7,1,009932.jpg,0.8516,0.8156,0.2313
test,test_0011,7007,10,011677.jpg,0.5305,0.832,0.2703
test,test_0011,2970,6,066991.jpg,0.1727,0.1883,0.2516
test,test_0011,4422,7,067800.jpg,0.843,0.1336,0.2203
test,test_0011,2336,4,172502.jpg,0.5156,0.5172,0.2375
test,test_0011,797,2,162875.jpg,0.1711,0.8273,0.3016
test,test_0011,2619,5,071983.jpg,0.1727,0.5133,0.2828
test,test_0011,1212,3,171256.jpg,0.475,0.1719,0.2625
test,test_0011,8335,11,162646.jpg,0.8352,0.5055,0.3047
test,test_0012,5695,9,200337.jpg,0.4914,0.5102,0.3016
test,test_0012,7,1,157832.jpg,0.807,0.4664,0.2641
test,test_0012,10002,12,143088.jpg,0.1516,0.5328,0.2625
test,test_0012,4428,8,145187.jpg,0.157,0.1648,0.2734
test,test_0012,3,0,045833.jpg,0.1609,0.8172,0.2969
test,test_0012,4422,7,000175.jpg,0.4758,0.793,0.2422
test,test_0012,2619,5,037687.jpg,0.857,0.7914,0.2297
test,test_0012,7007,10,067739.jpg,0.5039,0.1695,0.2391
test,test_0012,1212,3,171256.jpg,0.8617,0.1555,0.2422
