identity_id,split,photo
3,train,093256.jpg
3,train,128412.jpg
3,train,047989.jpg
3,train,110393.jpg
3,train,003206.jpg
3,train,079834.jpg
3,train,135808.jpg
3,train,072785.jpg
3,train,008838.jpg
3,train,147878.jpg
3,train,016933.jpg
3,train,161022.jpg
3,train,034630.jpg
3,train,043469.jpg
3,train,003029.jpg
3,train,016811.jpg
3,train,122082.jpg
7,train,130335.jpg
7,train,045626.jpg
7,train,091155.jpg
7,train,090940.jpg
7,train,003099.jpg
7,train,131364.jpg
7,train,063094.jpg
7,train,019811.jpg
7,train,011904.jpg
7,train,157436.jpg
7,train,038132.jpg
7,train,090356.jpg
7,train,017587.jpg
7,train,002065.jpg
7,train,022384.jpg
7,train,121574.jpg
797,train,174111.jpg
797,train,172881.jpg
797,train,176077.jpg
797,train,167868.jpg
797,train,182522.jpg
797,train,165865.jpg
797,train,171101.jpg
797,train,164035.jpg
797,train,182078.jpg
797,train,168801.jpg
797,train,171166.jpg
797,train,179493.jpg
797,train,179913.jpg
797,train,170752.jpg
797,train,179428.jpg
797,train,164872.jpg
797,train,172544.jpg
1212,train,173726.jpg
1212,train,164382.jpg
1212,train,179664.jpg
1212,train,168343.jpg
1212,train,164606.jpg
1212,train,182418.jpg
1212,train,174304.jpg
1212,train,176505.jpg
1212,train,166432.jpg
1212,train,176057.jpg
1212,train,164667.jpg
1212,train,163499.jpg
1212,train,178791.jpg
1212,train,182082.jpg
1212,train,167630.jpg
1212,train,179589.jpg
1212,train,165992.jpg
2336,train,179829.jpg
2336,train,176926.jpg
2336,train,180987.jpg
2336,train,179058.jpg
2336,train,174486.jpg
2336,train,167141.jpg
2336,train,165685.jpg
2336,train,172736.jpg
2336,train,170089.jpg
2336,train,176863.jpg
2336,train,174818.jpg
2336,train,176923.jpg
2336,train,181421.jpg
2336,train,174476.jpg
2336,train,180676.jpg
2336,train,178941.jpg
2336,train,172268.jpg
2619,train,104026.jpg
2619,train,019964.jpg
2619,train,065484.jpg
2619,train,013521.jpg
2619,train,098037.jpg
2619,train,153337.jpg
2619,train,043824.jpg
2619,train,087544.jpg
2619,train,106821.jpg
2619,train,072610.jpg
2619,train,020483.jpg
2619,train,119972.jpg
2619,train,077828.jpg
2619,train,030319.jpg
2619,train,133260.jpg
2619,train,029868.jpg
2619,train,024006.jpg
2970,train,140037.jpg
2970,train,059300.jpg
2970,train,136196.jpg
2970,train,143208.jpg
2970,train,079293.jpg
2970,train,126467.jpg
2970,train,023824.jpg
2970,train,050785.jpg
2970,train,056956.jpg
2970,train,037013.jpg
2970,train,134512.jpg
2970,train,155764.jpg
2970,train,112624.jpg
2970,train,053704.jpg
2970,train,014435.jpg
2970,train,088573.jpg
2970,train,040067.jpg
4422,train,035594.jpg
4422,train,079954.jpg
4422,train,130946.jpg
4422,train,141341.jpg
4422,train,043327.jpg
4422,train,143189.jpg
4422,train,073704.jpg
4422,train,094334.jpg
4422,train,031675.jpg
4422,train,117179.jpg
4422,train,131882.jpg
4422,train,091150.jpg
4422,train,137002.jpg
4422,train,014356.jpg
4422,train,122740.jpg
4422,train,041625.jpg
4422,train,004354.jpg
4428,train,053931.jpg
4428,train,012582.jpg
4428,train,144087.jpg
4428,train,096574.jpg
4428,train,101496.jpg
4428,train,137090.jpg
4428,train,092565.jpg
4428,train,092959.jpg
4428,train,005770.jpg
4428,train,094613.jpg
4428,train,021741.jpg
4428,train,128332.jpg
4428,train,072601.jpg
4428,train,053403.jpg
4428,train,154827.jpg
4428,train,121977.jpg
4428,train,107763.jpg
5695,train,188144.jpg
5695,train,184996.jpg
5695,train,194880.jpg
5695,train,198031.jpg
5695,train,201771.jpg
5695,train,192865.jpg
5695,train,186288.jpg
5695,train,198471.jpg
5695,train,186404.jpg
5695,train,197905.jpg
5695,train,187226.jpg
5695,train,195578.jpg
5695,train,187604.jpg
5695,train,187394.jpg
5695,train,196735.jpg
5695,train,185201.jpg
5695,train,190784.jpg
7007,train,128347.jpg
7007,train,017103.jpg
7007,train,008453.jpg
7007,train,113130.jpg
7007,train,035390.jpg
7007,train,099068.jpg
7007,train,122097.jpg
7007,train,029779.jpg
7007,train,161759.jpg
7007,train,061192.jpg
7007,train,081708.jpg
7007,train,004680.jpg
7007,train,009812.jpg
7007,train,158812.jpg
7007,train,157709.jpg
7007,train,158011.jpg
8335,train,078132.jpg
8335,train,079894.jpg
8335,train,155102.jpg
8335,train,148551.jpg
8335,train,055177.jpg
8335,train,149243.jpg
8335,train,035016.jpg
8335,train,130875.jpg
8335,train,116772.jpg
8335,train,095539.jpg
8335,train,050860.jpg
8335,train,062421.jpg
8335,train,025296.jpg
8335,train,012721.jpg
8335,train,132025.jpg
8335,train,148068.jpg
8335,train,020990.jpg
10002,train,161847.jpg
10002,train,094224.jpg
10002,train,041931.jpg
10002,train,109887.jpg
10002,train,060686.jpg
10002,train,059390.jpg
10002,train,147203.jpg
10002,train,108249.jpg
10002,train,010797.jpg
10002,train,070631.jpg
10002,train,136320.jpg
10002,train,136279.jpg
10002,train,033005.jpg
10002,train,160681.jpg
10002,train,070463.jpg
10002,train,054636.jpg
10002,train,052274.jpg
3,val,113790.jpg
3,val,024085.jpg
3,val,021233.jpg
3,val,047009.jpg
7,val,140464.jpg
7,val,007335.jpg
7,val,095162.jpg
7,val,115977.jpg
797,val,169205.jpg
797,val,181093.jpg
797,val,176673.jpg
797,val,181393.jpg
1212,val,178124.jpg
1212,val,173303.jpg
1212,val,163117.jpg
1212,val,162783.jpg
2336,val,170253.jpg
2336,val,164885.jpg
2336,val,177788.jpg
2336,val,180362.jpg
2619,val,112824.jpg
2619,val,139125.jpg
2619,val,031808.jpg
2619,val,150851.jpg
2970,val,053583.jpg
2970,val,115896.jpg
2970,val,115873.jpg
2970,val,085698.jpg
4422,val,150344.jpg
4422,val,034517.jpg
4422,val,084180.jpg
4422,val,027448.jpg
4428,val,127112.jpg
4428,val,099151.jpg
4428,val,057432.jpg
5695,val,186955.jpg
5695,val,202308.jpg
5695,val,201941.jpg
5695,val,191257.jpg
7007,val,000491.jpg
7007,val,150463.jpg
7007,val,095414.jpg
7007,val,010363.jpg
8335,val,141905.jpg
8335,val,097275.jpg
8335,val,076075.jpg
8335,val,065213.jpg
10002,val,052602.jpg
10002,val,134660.jpg
10002,val,079470.jpg
3,test,095762.jpg
3,test,067332.jpg
3,test,045833.jpg
3,test,121749.jpg
7,test,036895.jpg
7,test,157832.jpg
7,test,020284.jpg
7,test,009932.jpg
797,test,162875.jpg
797,test,179429.jpg
797,test,168369.jpg
797,test,169927.jpg
1212,test,171256.jpg
1212,test,169060.jpg
1212,test,173202.jpg
1212,test,167742.jpg
2336,test,173519.jpg
2336,test,172502.jpg
2336,test,164485.jpg
2336,test,175969.jpg
2619,test,161029.jpg
2619,test,037687.jpg
2619,test,061205.jpg
2619,test,071983.jpg
2970,test,096579.jpg
2970,test,037362.jpg
2970,test,018364.jpg
2970,test,066991.jpg
4422,test,000175.jpg
4422,test,081031.jpg
4422,test,067800.jpg
4422,test,073849.jpg
4428,test,114753.jpg
4428,test,145187.jpg
4428,test,053429.jpg
5695,test,200337.jpg
5695,test,184773.jpg
5695,test,193855.jpg
5695,test,201837.jpg
7007,test,011677.jpg
7007,test,067739.jpg
7007,test,135536.jpg
7007,test,036181.jpg
8335,test,064846.jpg
8335,test,162646.jpg
8335,test,044735.jpg
8335,test,136556.jpg
10002,test,143088.jpg
10002,test,043785.jpg
10002,test,090223.jpg
