grid,identity_id,class_id,source_image,x_center,y_center,width,height
grid_0001,3,0,003206.jpg,0.8523,0.4836,0.2922,0.2922
grid_0001,2336,4,174818.jpg,0.8117,0.882,0.2297,0.2297
grid_0001,797,2,176077.jpg,0.5227,0.2133,0.2266,0.2266
grid_0001,4422,7,043327.jpg,0.1711,0.4727,0.2672,0.2672
grid_0001,2619,5,019964.jpg,0.4836,0.8039,0.2672,0.2672
grid_0001,7,1,017587.jpg,0.8742,0.1273,0.2422,0.2422
grid_0001,1212,3,174304.jpg,0.5266,0.4734,0.2719,0.2719
grid_0001,8335,11,035016.jpg,0.168,0.8508,0.2922,0.2922
grid_0001,2970,6,134512.jpg,0.1641,0.1641,0.2969,0.2969
grid_0002,2970,6,115896.jpg,0.1945,0.857,0.2516,0.2516
grid_0002,4428,8,094613.jpg,0.8227,0.5398,0.2484,0.2484
grid_0002,8335,11,065213.jpg,0.1461,0.518,0.2703,0.2703
grid_0002,7,1,007335.jpg,0.8266,0.1656,0.2687,0.2687
grid_0002,797,2,165865.jpg,0.4969,0.4844,0.3,0.3
grid_0002,10002,12,079470.jpg,0.8375,0.8375,0.25,0.25
grid_0002,5695,9,187226.jpg,0.5008,0.8305,0.2328,0.2328
grid_0002,7007,10,004680.jpg,0.1953,0.1156,0.2188,0.2188
grid_0002,3,0,147878.jpg,0.5055,0.1758,0.2797,0.2797
grid_0003,2336,4,170089.jpg,0.5422,0.8594,0.2406,0.2406
grid_0003,2970,6,037362.jpg,0.2016,0.4641,0.2344,0.2344
grid_0003,4422,7,130946.jpg,0.5273,0.4633,0.2516,0.2516
grid_0003,10002,12,033005.jpg,0.8313,0.5188,0.2313,0.2313
grid_0003,7,1,157832.jpg,0.1555,0.8367,0.3016,0.3016
grid_0003,5695,9,185201.jpg,0.8398,0.8367,0.2172,0.2172
grid_0003,797,2,172544.jpg,0.8562,0.1922,0.2781,0.2781
grid_0003,3,0,122082.jpg,0.4984,0.1453,0.2812,0.2812
grid_0003,2619,5,098037.jpg,0.1578,0.1656,0.2969,0.2969
grid_0004,7,1,095162.jpg,0.5258,0.5305,0.2453,0.2453
grid_0004,2970,6,023824.jpg,0.1961,0.5055,0.2516,0.2516
grid_0004,3,0,047989.jpg,0.8727,0.1289,0.2297,0.2297
grid_0004,5695,9,194880.jpg,0.818,0.8492,0.2828,0.2828
grid_0004,1212,3,166432.jpg,0.1664,0.8648,0.2453,0.2453
grid_0004,797,2,181393.jpg,0.1297,0.1797,0.2406,0.2406
grid_0004,2336,4,174486.jpg,0.5094,0.8281,0.2938,0.2938
grid_0004,8335,11,097275.jpg,0.8203,0.4984,0.2938,0.2938
grid_0004,7007,10,036181.jpg,0.5328,0.1437,0.2469,0.2469
grid_0005,2619,5,153337.jpg,0.1633,0.5211,0.2641,0.2641
grid_0005,7,1,090356.jpg,0.8352,0.168,0.2359,0.2359
grid_0005,2970,6,066991.jpg,0.4836,0.1305,0.2547,0.2547
grid_0005,4428,8,127112.jpg,0.5258,0.4914,0.2484,0.2484
grid_0005,4422,7,130946.jpg,0.5125,0.8641,0.2469,0.2469
grid_0005,10002,12,054636.jpg,0.8672,0.8562,0.2375,0.2375
grid_0005,797,2,164035.jpg,0.7977,0.518,0.2266,0.2266
grid_0005,2336,4,178941.jpg,0.1781,0.8719,0.25,0.25
grid_0005,1212,3,167630.jpg,0.1578,0.1781,0.225,0.225
grid_0006,4428,8,057432.jpg,0.8219,0.8547,0.2844,0.2844
grid_0006,2619,5,031808.jpg,0.5266,0.4547,0.2188,0.2188
grid_0006,797,2,167868.jpg,0.4789,0.8086,0.2609,0.2609
grid_0006,10002,12,033005.jpg,0.1672,0.5047,0.2781,0.2781
grid_0006,5695,9,201837.jpg,0.2055,0.1461,0.2453,0.2453
grid_0006,2336,4,172736.jpg,0.7852,0.5445,0.2391,0.2391
grid_0006,2970,6,115896.jpg,0.5125,0.1547,0.2969,0.2969
grid_0006,4422,7,073849.jpg,0.8195,0.1555,0.2734,0.2734
grid_0006,7,1,063094.jpg,0.1859,0.8484,0.2875,0.2875
