base_grid,output_name,split,augmentation,n_boxes
grid_0001,grid_0001_orig,val,none,9
grid_0001,grid_0001_aug1,val,aug1,9
grid_0001,grid_0001_aug2,val,aug2,9
grid_0001,grid_0001_aug3,val,aug3,9
grid_0001,grid_0001_aug4,val,aug4,9
grid_0002,grid_0002_orig,train,none,9
grid_0002,grid_0002_aug1,train,aug1,9
grid_0002,grid_0002_aug2,train,aug2,9
grid_0002,grid_0002_aug3,train,aug3,9
grid_0002,grid_0002_aug4,train,aug4,9
grid_0003,grid_0003_orig,train,none,9
grid_0003,grid_0003_aug1,train,aug1,9
grid_0003,grid_0003_aug2,train,aug2,9
grid_0003,grid_0003_aug3,train,aug3,9
grid_0003,grid_0003_aug4,train,aug4,9
grid_0004,grid_0004_orig,train,none,9
grid_0004,grid_0004_aug1,train,aug1,9
grid_0004,grid_0004_aug2,train,aug2,9
grid_0004,grid_0004_aug3,train,aug3,9
grid_0004,grid_0004_aug4,train,aug4,9
grid_0005,grid_0005_orig,train,none,9
grid_0005,grid_0005_aug1,train,aug1,9
grid_0005,grid_0005_aug2,train,aug2,9
grid_0005,grid_0005_aug3,train,aug3,9
grid_0005,grid_0005_aug4,train,aug4,9
grid_0006,grid_0006_orig,test,none,9
grid_0006,grid_0006_aug1,test,aug1,9
grid_0006,grid_0006_aug2,test,aug2,9
grid_0006,grid_0006_aug3,test,aug3,9
grid_0006,grid_0006_aug4,test,aug4,9
