identity_id,num_images
3,25
6,24
7,24
12,25
28,23
39,25
41,23
46,24
48,24
52,24
53,23
58,25
67,24
73,24
77,23
86,24
98,25
106,24
110,25
117,24
119,24
129,24
137,24
141,23
148,25
151,23
156,25
158,25
165,24
167,25
170,25
173,24
195,24
218,24
224,23
229,23
258,25
264,24
279,25
281,23
288,25
302,23
315,23
357,25
364,25
383,23
385,25
391,25
410,25
414,23
415,24
418,23
420,25
422,24
427,24
455,23
482,25
489,24
497,23
500,24
509,23
519,23
528,25
530,24
535,23
548,25
549,25
583,25
584,25
596,24
607,23
610,23
619,23
633,23
643,24
644,24
646,25
648,23
652,24
654,25
666,24
672,23
689,25
693,25
696,23
716,23
718,24
721,23
724,25
734,23
739,25
744,24
749,24
750,25
756,24
759,25
774,25
780,25
797,25
804,25
819,24
824,23
825,25
831,25
834,24
839,25
854,23
855,23
865,23
866,23
874,24
881,25
885,24
887,23
895,25
896,25
898,24
915,24
926,23
927,23
931,25
936,23
939,25
945,25
952,25
957,23
960,25
963,23
974,23
1002,25
1013,23
1022,25
1028,23
1036,23
1046,25
1048,24
1056,24
1068,25
1081,25
1093,23
1117,23
1125,24
1148,23
1150,24
1158,24
1160,23
1171,25
1173,24
1206,23
1208,23
1211,24
1212,25
1225,24
1240,25
1241,23
1243,24
1249,23
1263,25
1266,23
1283,23
1285,23
1292,23
1299,23
1312,24
1313,25
1317,23
1333,23
1340,24
1347,23
1358,24
1365,23
1390,25
1391,23
1398,23
1405,24
1424,23
1425,25
1437,24
1441,23
1442,23
1445,24
1452,25
1462,23
1473,24
1475,24
1476,24
1480,24
1483,24
1485,25
1494,23
1507,23
1509,23
1520,25
1525,23
1527,23
1534,25
1562,25
1620,23
1630,25
1635,23
1638,24
1645,25
1650,25
1655,23
1662,24
1667,25
1668,23
1674,25
1676,25
1684,25
1699,25
1706,23
1710,23
1739,24
1742,23
1754,24
1773,24
1781,25
1782,23
1786,23
1790,23
1794,25
1799,24
1806,23
1819,24
1820,24
1826,23
1841,25
1843,23
1858,23
1866,23
1867,24
1869,23
1880,23
1881,23
1883,23
1887,24
1894,25
1896,23
1905,24
1910,23
1915,24
1920,25
1925,24
1940,25
1942,25
1943,24
1948,23
1963,24
1964,23
1970,23
1978,25
1982,24
2001,24
2004,23
2010,25
2012,23
2013,25
2025,23
2033,25
2037,25
2040,23
2047,24
2050,23
2064,24
2074,23
2081,24
2099,25
2108,23
2113,24
2116,25
2129,25
2146,25
2152,25
2163,25
2170,24
2175,24
2176,25
2177,25
2179,25
2185,24
2192,24
2199,23
2200,25
2208,25
2215,24
2218,24
2226,25
2229,23
2232,23
2248,23
2251,23
2258,23
2278,25
2284,24
2306,25
2310,23
2319,23
2324,24
2336,25
2339,25
2350,23
2355,25
2362,25
2379,25
2391,24
2400,25
2408,24
2418,25
2424,25
2432,25
2437,23
2439,23
2446,23
2450,23
2457,25
2466,23
2470,23
2477,23
2478,23
2480,24
2494,23
2495,25
2502,23
2505,25
2526,25
2535,25
2555,23
2577,25
2578,24
2583,23
2587,24
2593,24
2597,23
2619,25
2625,25
2639,23
2642,25
2652,25
2671,23
2681,25
2703,25
2715,24
2722,23
2723,23
2725,24
2729,25
2731,23
2736,25
2745,25
2748,25
2751,23
2755,23
2756,23
2757,25
2759,23
2768,24
2773,23
2776,25
2780,25
2781,24
2782,25
2807,25
2809,23
2824,24
2833,24
2838,23
2841,25
2845,25
2856,25
2865,24
2869,25
2871,24
2875,23
2877,23
2878,23
2889,24
2902,25
2903,23
2912,25
2920,25
2946,25
2948,25
2953,25
2954,23
2970,25
2971,24
2978,23
2990,25
2995,23
2998,25
3004,23
3045,25
3048,25
3076,23
3079,25
3091,23
3125,25
3126,25
3158,25
3161,25
3163,24
3165,23
3169,23
3173,25
3180,25
3183,24
3190,25
3229,25
3236,25
3240,23
3249,25
3250,25
3276,23
3288,23
3303,25
3306,23
3314,24
3320,23
3344,23
3351,25
3358,23
3393,23
3394,24
3428,25
3435,25
3463,25
3518,25
3523,24
3551,25
3565,25
3566,25
3573,24
3576,24
3586,24
3602,24
3624,25
3632,24
3634,24
3636,23
3638,25
3657,23
3668,24
3676,25
3687,25
3712,24
3763,24
3765,23
3803,24
3840,23
3855,25
3884,24
3900,23
3948,23
3949,24
3954,25
3966,24
3968,24
3974,25
3979,25
3997,23
4002,23
4021,24
4044,25
4062,24
4069,25
4078,25
4109,24
4115,23
4124,25
4144,24
4148,25
4171,23
4180,23
4198,24
4203,23
4223,25
4227,23
4228,23
4234,23
4239,23
4240,23
4253,23
4272,24
4275,24
4287,23
4294,23
4298,24
4301,25
4305,24
4330,25
4331,24
4340,23
4341,25
4356,25
4358,24
4368,25
4371,25
4387,25
4394,25
4398,23
4402,24
4403,25
4409,24
4412,25
4416,24
4420,23
4422,25
4426,23
4427,25
4428,23
4442,25
4449,25
4455,25
4469,24
4475,24
4485,25
4488,24
4504,25
4510,23
4523,23
4525,25
4529,24
4530,25
4544,24
4545,23
4546,23
4563,24
4565,25
4567,25
4568,23
4594,24
4597,25
4624,25
4675,24
4680,23
4713,25
4755,25
4761,24
4778,23
4804,23
4812,24
4869,23
4875,24
4886,23
4927,23
4930,23
4969,24
4982,25
4985,25
4994,23
5006,23
5075,23
5079,23
5095,23
5175,25
5177,23
5179,25
5184,25
5188,24
5194,25
5197,25
5212,23
5219,25
5230,24
5232,24
5245,25
5248,25
5279,25
5296,25
5302,23
5319,24
5327,25
5345,25
5366,24
5419,24
5440,23
5448,24
5458,25
5511,25
5516,24
5527,23
5534,23
5565,24
5574,23
5575,24
5595,23
5599,24
5602,25
5603,23
5626,25
5631,25
5634,25
5657,25
5660,25
5664,25
5665,25
5674,23
5678,24
5680,24
5682,24
5695,25
5697,23
5731,23
5741,24
5742,24
5743,23
5745,25
5752,24
5756,24
5758,25
5767,24
5771,23
5785,23
5797,23
5806,25
5810,23
5813,25
5817,24
5818,23
5826,23
5842,25
5848,25
5849,25
5863,23
5864,23
5871,24
5877,25
5885,24
5899,25
5904,23
5919,24
5923,23
5930,25
5934,23
5935,25
5939,24
5950,25
5958,24
5961,24
5989,25
5994,24
6001,23
6007,25
6018,23
6019,24
6038,25
6045,25
6053,23
6054,24
6060,23
6070,24
6073,24
6093,24
6099,25
6106,25
6149,24
6170,23
6208,23
6213,23
6217,23
6221,25
6270,24
6380,23
6381,25
6413,23
6428,23
6435,25
6445,24
6450,24
6465,25
6476,25
6501,25
6510,25
6511,23
6537,23
6570,23
6572,23
6577,23
6621,25
6632,24
6640,24
6641,24
6646,23
6674,25
6694,23
6698,23
6716,24
6729,24
6734,23
6748,24
6749,23
6754,24
6762,25
6764,23
6770,23
6776,23
6833,23
6836,23
6845,24
6849,23
6853,24
6855,23
6875,23
6899,23
6901,24
6904,25
6925,24
6935,23
6937,24
6938,23
6961,23
6990,25
6991,23
6996,23
7005,23
7007,24
7009,25
7041,23
7057,24
7084,24
7099,25
7100,24
7122,24
7148,24
7150,25
7160,23
7163,23
7190,24
7198,24
7216,23
7227,25
7234,25
7239,25
7264,24
7269,23
7270,25
7277,24
7284,23
7296,24
7327,23
7344,23
7355,25
7359,23
7366,23
7370,23
7379,23
7383,25
7393,24
7417,25
7428,25
7433,25
7444,24
7464,23
7469,25
7493,25
7544,23
7558,24
7586,25
7598,25
7602,25
7609,24
7610,23
7623,23
7640,23
7677,25
7690,25
7706,23
7726,25
7729,23
7751,25
7770,25
7776,25
7799,24
7804,24
7807,23
7832,23
7846,23
7852,24
7856,23
7858,25
7860,25
7865,25
7869,25
7871,23
7880,25
7892,24
7897,25
7899,25
7902,25
7917,23
7920,25
7930,25
7938,24
7939,25
7940,23
7949,23
7957,25
7962,24
7987,24
8005,23
8014,24
8026,23
8079,23
8083,23
8090,24
8092,25
8111,25
8154,25
8166,25
8181,24
8185,23
8196,23
8201,24
8220,24
8239,24
8240,24
8270,23
8273,24
8291,23
8293,23
8297,23
8305,23
8306,25
8311,23
8314,23
8325,23
8335,25
8336,23
8337,23
8338,24
8343,25
8347,25
8350,23
8368,23
8373,24
8377,25
8382,23
8387,24
8399,24
8405,24
8407,23
8408,23
8423,23
8426,24
8432,24
8437,24
8445,23
8450,25
8451,24
8456,23
8466,23
8467,23
8474,25
8478,24
8481,25
8489,23
8508,24
8532,23
8536,25
8538,25
8544,23
8548,25
8552,25
8559,23
8574,23
8576,23
8579,23
8592,24
8594,24
8601,23
8610,25
8639,24
8640,23
8658,24
8668,23
8671,23
8683,25
8688,23
8699,23
8714,24
8734,24
8744,24
8759,23
8772,23
8794,23
8816,24
8828,25
8844,25
8866,24
8871,23
8873,25
8883,24
8886,25
8897,24
8902,23
8919,25
8924,23
8927,24
8935,23
8991,24
8994,23
9000,23
9012,24
9015,24
9025,24
9029,23
9033,23
9059,25
9062,23
9067,25
9068,24
9069,23
9074,25
9076,24
9096,25
9097,24
9111,23
9129,25
9133,25
9139,23
9145,23
9146,23
9153,25
9163,25
9175,23
9181,25
9200,24
9202,23
9232,24
9244,24
9269,25
9286,25
9295,25
9305,23
9314,25
9319,25
9347,25
9352,25
9357,25
9395,23
9398,25
9415,24
9435,25
9441,23
9448,25
9457,24
9463,25
9483,24
9532,24
9552,23
9556,23
9567,24
9576,24
9584,25
9585,25
9592,23
9600,25
9608,25
9616,25
9617,25
9620,23
9657,25
9661,25
9683,25
9688,24
9695,23
9696,24
9717,23
9721,24
9753,24
9754,25
9762,23
9782,24
9783,24
9786,25
9796,24
9814,24
9815,23
9827,25
9831,24
9842,23
9855,24
9873,23
9885,25
9925,23
9932,24
9933,24
9953,24
9964,23
9975,24
9977,25
9981,24
9985,25
9990,24
9994,25
10002,23
10005,24
10009,23
10018,23
10045,25
10046,23
10051,24
10097,23
10099,23
10110,24
10112,25
10114,24
10115,24
10119,25
10136,25
10139,23
10141,23
10145,23
10153,24
10154,24
10162,25
10164,25
10165,24
10169,23
