epoch,time,train/box_loss,train/cls_loss,train/dfl_loss,metrics/precision(B),metrics/recall(B),metrics/mAP50(B),metrics/mAP50-95(B),val/box_loss,val/cls_loss,val/dfl_loss,lr/pg0,lr/pg1,lr/pg2
1,3.38808,1.07973,4.17877,1.21936,0.03007,0.7297,0.08373,0.07222,0.47403,3.53484,0.82196,0.000291667,0.000291667,0.071125
2,4.74697,0.50185,3.62816,0.91922,0.07474,0.78098,0.1251,0.10665,0.45076,3.52952,0.82947,0.000618813,0.000618813,0.0381188
3,6.80569,0.43411,3.35339,0.88675,0.04418,0.91346,0.14067,0.12331,0.41053,3.39289,0.8261,0.000939358,0.000939358,0.00510603
4,8.61029,0.4044,3.17657,0.88052,0.03642,0.99038,0.1525,0.12603,0.55285,3.36528,0.87086,0.0009703,0.0009703,0.0009703
5,9.90084,0.39926,3.03811,0.87907,0.03245,1,0.13882,0.11424,0.52193,3.3072,0.86029,0.0009604,0.0009604,0.0009604
6,11.2019,0.36833,2.89402,0.87003,0.03264,1,0.15756,0.14426,0.46139,2.98713,0.83397,0.0009505,0.0009505,0.0009505
7,12.4805,0.3692,2.75517,0.87372,0.03224,1,0.15341,0.1342,0.49459,2.81767,0.84238,0.0009406,0.0009406,0.0009406
8,13.7785,0.36454,2.62676,0.88167,0.16221,0.48505,0.15217,0.13609,0.44158,2.70598,0.84407,0.0009307,0.0009307,0.0009307
9,15.0284,0.34848,2.51372,0.87725,0.09357,0.47439,0.18075,0.16816,0.37899,2.54004,0.81652,0.0009208,0.0009208,0.0009208
10,16.3399,0.35269,2.38657,0.88377,0.18985,0.50962,0.2015,0.19006,0.33643,2.48945,0.81078,0.0009109,0.0009109,0.0009109
11,17.5782,0.32172,2.29005,0.88024,0.20005,0.39103,0.22808,0.21178,0.34457,2.47746,0.81388,0.000901,0.000901,0.000901
12,19.255,0.30689,2.18126,0.88255,0.22807,0.30617,0.277,0.26487,0.32127,2.38436,0.82997,0.0008911,0.0008911,0.0008911
13,21.3529,0.30391,2.10342,0.86913,0.17769,0.43699,0.27674,0.26878,0.26434,2.28573,0.82741,0.0008812,0.0008812,0.0008812
14,22.7725,0.29026,2.00003,0.87135,0.20559,0.50877,0.29831,0.28717,0.2694,2.24064,0.82619,0.0008713,0.0008713,0.0008713
15,24.0836,0.29152,1.95413,0.87208,0.18042,0.71719,0.31185,0.30168,0.26932,2.35641,0.82534,0.0008614,0.0008614,0.0008614
16,25.3316,0.27424,1.86831,0.86248,0.17651,0.73398,0.31451,0.30543,0.2621,2.53186,0.81544,0.0008515,0.0008515,0.0008515
17,26.6543,0.27133,1.8205,0.86149,0.18788,0.71906,0.36239,0.34425,0.27003,2.19335,0.82477,0.0008416,0.0008416,0.0008416
18,28.0031,0.25449,1.74003,0.86128,0.2616,0.50606,0.33944,0.32275,0.26294,2.04542,0.82223,0.0008317,0.0008317,0.0008317
19,29.2497,0.26494,1.66354,0.86386,0.30229,0.46561,0.39048,0.37562,0.22684,1.92292,0.8169,0.0008218,0.0008218,0.0008218
20,30.516,0.26663,1.70346,0.87287,0.29704,0.615,0.42713,0.41553,0.24189,1.92352,0.81816,0.0008119,0.0008119,0.0008119
21,31.9902,0.27143,1.61891,0.85778,0.32509,0.67137,0.49637,0.48425,0.23217,1.73917,0.82885,0.000802,0.000802,0.000802
22,34.0208,0.25181,1.50157,0.85097,0.36371,0.66343,0.47531,0.46864,0.22277,1.6774,0.82468,0.0007921,0.0007921,0.0007921
23,35.6389,0.26947,1.49889,0.85145,0.32763,0.72115,0.49151,0.48009,0.23671,1.61203,0.82441,0.0007822,0.0007822,0.0007822
24,36.9182,0.25764,1.44143,0.85248,0.41807,0.5459,0.54354,0.53086,0.24295,1.56729,0.82098,0.0007723,0.0007723,0.0007723
25,38.2179,0.24635,1.46295,0.85002,0.47155,0.58849,0.54907,0.5333,0.23666,1.59815,0.81458,0.0007624,0.0007624,0.0007624
26,39.5465,0.23728,1.37944,0.85091,0.44097,0.67957,0.55112,0.54381,0.18323,1.61003,0.8074,0.0007525,0.0007525,0.0007525
27,40.8735,0.24753,1.37803,0.85074,0.50748,0.63938,0.6015,0.5977,0.17341,1.56643,0.80893,0.0007426,0.0007426,0.0007426
28,42.1651,0.22518,1.25333,0.84712,0.48554,0.68112,0.59238,0.58367,0.19901,1.54353,0.82349,0.0007327,0.0007327,0.0007327
29,43.4902,0.23041,1.25478,0.84981,0.47761,0.65915,0.59585,0.5947,0.17611,1.51938,0.80372,0.0007228,0.0007228,0.0007228
30,44.7675,0.21344,1.21509,0.83846,0.58761,0.57052,0.66183,0.65616,0.16281,1.45,0.8002,0.0007129,0.0007129,0.0007129
31,46.7081,0.20873,1.20548,0.85389,0.47487,0.65143,0.61524,0.61076,0.16975,1.49675,0.80372,0.000703,0.000703,0.000703
32,48.6151,0.21069,1.14911,0.83647,0.54309,0.62053,0.62713,0.62042,0.18297,1.48201,0.8142,0.0006931,0.0006931,0.0006931
33,50.0014,0.22294,1.14713,0.84681,0.52897,0.65472,0.64825,0.63966,0.17157,1.44024,0.81773,0.0006832,0.0006832,0.0006832
34,51.3005,0.22016,1.071,0.83762,0.59357,0.611,0.66319,0.65961,0.16343,1.43054,0.79953,0.0006733,0.0006733,0.0006733
35,52.5793,0.21934,1.02897,0.83296,0.61446,0.67949,0.69568,0.69121,0.16839,1.36493,0.79334,0.0006634,0.0006634,0.0006634
36,53.8837,0.21142,1.08474,0.85555,0.59347,0.67448,0.69631,0.69334,0.15535,1.41986,0.78923,0.0006535,0.0006535,0.0006535
37,55.2577,0.20802,1.01226,0.84167,0.61025,0.6868,0.71952,0.71952,0.15177,1.38579,0.79375,0.0006436,0.0006436,0.0006436
38,56.5207,0.21242,1.01979,0.84208,0.61747,0.75107,0.74427,0.74061,0.18021,1.31675,0.80093,0.0006337,0.0006337,0.0006337
39,57.8648,0.20407,0.99093,0.83635,0.60765,0.72819,0.7254,0.72338,0.17084,1.29605,0.79935,0.0006238,0.0006238,0.0006238
40,59.4553,0.20286,0.93784,0.83383,0.65259,0.71616,0.73717,0.73376,0.15732,1.24776,0.80166,0.0006139,0.0006139,0.0006139
41,61.4252,0.20882,0.92289,0.834,0.66122,0.7398,0.78647,0.78493,0.16482,1.26209,0.80128,0.000604,0.000604,0.000604
42,62.9266,0.19782,0.88592,0.8266,0.65421,0.75215,0.7658,0.76115,0.16214,1.28982,0.79425,0.0005941,0.0005941,0.0005941
43,64.167,0.1959,0.8356,0.82609,0.63708,0.64613,0.67869,0.67532,0.16019,1.48922,0.78944,0.0005842,0.0005842,0.0005842
44,65.4022,0.19327,0.85354,0.83416,0.59781,0.70475,0.68469,0.68193,0.14822,1.54493,0.78754,0.0005743,0.0005743,0.0005743
45,66.7138,0.19164,0.81809,0.82746,0.57781,0.71277,0.68256,0.67733,0.14449,1.45746,0.79021,0.0005644,0.0005644,0.0005644
46,68.0027,0.20069,0.85257,0.8311,0.6514,0.75715,0.72583,0.72583,0.15401,1.33229,0.79185,0.0005545,0.0005545,0.0005545
47,69.2626,0.18944,0.80629,0.83511,0.63447,0.78157,0.74971,0.74501,0.14317,1.16508,0.78595,0.0005446,0.0005446,0.0005446
48,70.521,0.18339,0.78082,0.8279,0.712,0.71396,0.76662,0.762,0.1519,1.15045,0.78208,0.0005347,0.0005347,0.0005347
49,72.2729,0.19788,0.80243,0.83538,0.63336,0.81583,0.78311,0.78305,0.13736,1.05757,0.7815,0.0005248,0.0005248,0.0005248
50,74.2255,0.18473,0.74102,0.82174,0.65774,0.82103,0.82015,0.81697,0.14146,0.97468,0.78751,0.0005149,0.0005149,0.0005149
51,75.9063,0.18326,0.76538,0.82127,0.79745,0.76431,0.81771,0.81568,0.15598,1.00279,0.7905,0.000505,0.000505,0.000505
52,77.2179,0.18394,0.69965,0.82892,0.71937,0.76762,0.79742,0.79538,0.14202,1.13963,0.79231,0.0004951,0.0004951,0.0004951
53,78.5204,0.18086,0.72722,0.82673,0.69842,0.81463,0.80616,0.80258,0.14558,1.13503,0.78985,0.0004852,0.0004852,0.0004852
54,79.8242,0.18261,0.7045,0.82158,0.77335,0.78829,0.82777,0.82574,0.13216,1.00967,0.78123,0.0004753,0.0004753,0.0004753
55,81.1121,0.18971,0.71785,0.81915,0.61053,0.84133,0.81981,0.81898,0.12193,1.01713,0.78057,0.0004654,0.0004654,0.0004654
56,82.3624,0.1827,0.68199,0.82671,0.63794,0.82423,0.80148,0.80127,0.12384,1.08797,0.77557,0.0004555,0.0004555,0.0004555
57,83.6413,0.18066,0.64703,0.81636,0.69644,0.77162,0.79967,0.79967,0.14007,1.06777,0.77723,0.0004456,0.0004456,0.0004456
58,84.8884,0.17908,0.69204,0.82848,0.74175,0.73422,0.80358,0.80358,0.12311,1.006,0.7795,0.0004357,0.0004357,0.0004357
59,86.6177,0.17993,0.66938,0.82651,0.74915,0.68387,0.79217,0.79071,0.12954,1.00179,0.7805,0.0004258,0.0004258,0.0004258
60,88.5329,0.17474,0.6551,0.81467,0.69542,0.74528,0.80069,0.80037,0.12778,1.04195,0.7791,0.0004159,0.0004159,0.0004159
61,89.9716,0.17892,0.64356,0.83097,0.81111,0.77688,0.82694,0.82668,0.12361,1.0071,0.77892,0.000406,0.000406,0.000406
62,91.2723,0.16755,0.61907,0.82935,0.75698,0.81633,0.83447,0.83431,0.12165,0.93566,0.7796,0.0003961,0.0003961,0.0003961
63,92.6193,0.1717,0.64712,0.81986,0.84221,0.76942,0.83198,0.83181,0.11526,0.93095,0.78059,0.0003862,0.0003862,0.0003862
64,93.8771,0.16628,0.62823,0.81011,0.72579,0.76002,0.80715,0.80694,0.12225,0.97089,0.78142,0.0003763,0.0003763,0.0003763
65,95.1295,0.17117,0.62637,0.8219,0.66284,0.76346,0.7992,0.79769,0.11644,1.01272,0.77936,0.0003664,0.0003664,0.0003664
66,96.3857,0.16531,0.60396,0.81902,0.67735,0.741,0.78709,0.78683,0.11417,1.05285,0.77762,0.0003565,0.0003565,0.0003565
67,97.7032,0.18295,0.60976,0.81552,0.66462,0.7703,0.78214,0.78101,0.12527,1.04726,0.77885,0.0003466,0.0003466,0.0003466
68,98.9917,0.17147,0.59642,0.81707,0.73712,0.71511,0.78502,0.78489,0.11693,1.04541,0.77672,0.0003367,0.0003367,0.0003367
69,100.981,0.16122,0.59975,0.81986,0.76128,0.70039,0.79086,0.79073,0.11043,1.04718,0.77496,0.0003268,0.0003268,0.0003268
70,102.696,0.15964,0.58637,0.81772,0.67424,0.78576,0.79646,0.79646,0.11533,1.04689,0.77624,0.0003169,0.0003169,0.0003169
71,104.031,0.15598,0.58891,0.81895,0.72027,0.73728,0.79972,0.79909,0.12212,1.01794,0.78051,0.000307,0.000307,0.000307
72,105.3,0.16628,0.59796,0.82401,0.75631,0.74732,0.81441,0.81322,0.1194,0.97199,0.78055,0.0002971,0.0002971,0.0002971
73,106.566,0.15626,0.58032,0.8191,0.8063,0.75155,0.81615,0.81615,0.11167,0.94011,0.77961,0.0002872,0.0002872,0.0002872
74,107.813,0.16194,0.54528,0.8105,0.80557,0.75607,0.82077,0.82077,0.10413,0.92853,0.7796,0.0002773,0.0002773,0.0002773
75,109.115,0.1624,0.55442,0.81116,0.71553,0.78488,0.83006,0.82886,0.10582,0.9361,0.78111,0.0002674,0.0002674,0.0002674
76,110.371,0.15927,0.54409,0.81648,0.73136,0.72972,0.80878,0.80878,0.11155,0.99295,0.77984,0.0002575,0.0002575,0.0002575
77,111.696,0.14553,0.50611,0.8235,0.73576,0.71064,0.79632,0.79632,0.1093,1.04136,0.77963,0.0002476,0.0002476,0.0002476
78,113.317,0.15256,0.56503,0.8152,0.73461,0.74775,0.81076,0.81076,0.103,0.99642,0.77948,0.0002377,0.0002377,0.0002377
79,115.179,0.15396,0.54609,0.81962,0.75174,0.75669,0.81692,0.81692,0.1021,0.93502,0.78002,0.0002278,0.0002278,0.0002278
80,116.677,0.1438,0.52509,0.81595,0.74222,0.75954,0.80503,0.80503,0.10911,0.96009,0.78109,0.0002179,0.0002179,0.0002179
81,118.001,0.14631,0.50957,0.81717,0.73315,0.75847,0.80625,0.80531,0.10148,0.97547,0.77962,0.000208,0.000208,0.000208
82,119.261,0.14593,0.52837,0.82427,0.71872,0.77222,0.80841,0.80749,0.098,0.97487,0.77909,0.0001981,0.0001981,0.0001981
83,120.58,0.14964,0.52196,0.81655,0.80223,0.70851,0.81528,0.8126,0.09789,0.95043,0.77941,0.0001882,0.0001882,0.0001882
84,121.894,0.14533,0.50184,0.81739,0.72106,0.77743,0.83123,0.82854,0.10491,0.91731,0.78108,0.0001783,0.0001783,0.0001783
85,123.212,0.14734,0.51686,0.81329,0.72042,0.79131,0.83235,0.83235,0.10227,0.90875,0.78042,0.0001684,0.0001684,0.0001684
86,124.525,0.14948,0.53659,0.81676,0.8505,0.71654,0.8333,0.8333,0.0915,0.89465,0.77911,0.0001585,0.0001585,0.0001585
87,125.846,0.13598,0.49105,0.80845,0.82812,0.74275,0.82779,0.82779,0.09022,0.88287,0.77843,0.0001486,0.0001486,0.0001486
88,127.864,0.14394,0.50274,0.80755,0.8391,0.74029,0.83489,0.83489,0.09562,0.88516,0.77811,0.0001387,0.0001387,0.0001387
89,129.664,0.14611,0.51884,0.81044,0.81013,0.74735,0.83539,0.83539,0.0977,0.90027,0.77684,0.0001288,0.0001288,0.0001288
90,131.034,0.15746,0.52797,0.81576,0.84156,0.71796,0.83119,0.83119,0.08982,0.92319,0.77624,0.0001189,0.0001189,0.0001189
91,133.797,0.11735,0.40173,0.8122,0.85601,0.70433,0.819,0.819,0.08973,0.95316,0.77767,0.000109,0.000109,0.000109
92,135.085,0.12835,0.40206,0.81077,0.79811,0.72989,0.80975,0.80975,0.09506,0.98931,0.7787,9.91e-05,9.91e-05,9.91e-05
93,136.327,0.1226,0.40199,0.80424,0.79822,0.73071,0.79692,0.79692,0.10287,1.02895,0.77846,8.92e-05,8.92e-05,8.92e-05
94,137.537,0.12179,0.40355,0.80793,0.78634,0.72714,0.80158,0.80154,0.10528,1.04639,0.7776,7.93e-05,7.93e-05,7.93e-05
95,138.718,0.12919,0.4149,0.79428,0.78832,0.73936,0.81146,0.81146,0.10404,1.02951,0.7775,6.94e-05,6.94e-05,6.94e-05
96,140.341,0.12642,0.38446,0.80284,0.82982,0.71937,0.82364,0.82364,0.09781,0.99733,0.77648,5.95e-05,5.95e-05,5.95e-05
97,142.179,0.12037,0.36948,0.80917,0.82712,0.74254,0.8253,0.8253,0.09281,0.96634,0.77576,4.96e-05,4.96e-05,4.96e-05
98,143.591,0.11946,0.40703,0.80755,0.84218,0.73449,0.82653,0.82653,0.0923,0.94724,0.77537,3.97e-05,3.97e-05,3.97e-05
99,144.758,0.11891,0.34784,0.79367,0.85062,0.72897,0.82703,0.82694,0.09354,0.93517,0.77575,2.98e-05,2.98e-05,2.98e-05
100,145.927,0.12032,0.39076,0.80492,0.86739,0.72009,0.82224,0.8221,0.09373,0.92856,0.77639,1.99e-05,1.99e-05,1.99e-05
