file,source,faces,correct,missed,wrong_identity,false_positive,caption
01_test_0001.jpg,Test split,9,6,0,3,0,**Partial.** Test split: 6/9 faces detected with the correct identity; confidence 0.57-0.99; identity confusion: celeb_4428 predicted as celeb_2970; celeb_3 predicted as celeb_7007; celeb_5695 predicted as celeb_4422.
02_test_0002.jpg,Test split,9,9,0,0,1,**Success.** Test split: 9/9 faces detected with the correct identity; confidence 0.60-1.00; 1 extra box(es) on background or duplicate faces.
03_test_0003.jpg,Test split,9,7,0,2,1,**Partial.** Test split: 7/9 faces detected with the correct identity; confidence 0.98-0.99; identity confusion: celeb_2619 predicted as celeb_7007; celeb_4428 predicted as celeb_2970; 1 extra box(es) on background or duplicate faces.
04_test_0004.jpg,Test split,9,5,0,4,0,**Partial.** Test split: 5/9 faces detected with the correct identity; confidence 0.98-1.00; identity confusion: celeb_797 predicted as celeb_10002; celeb_5695 predicted as celeb_4422; celeb_7 predicted as celeb_2619; celeb_3 predicted as celeb_1212.
05_test_0005.jpg,Test split,9,7,0,2,1,**Partial.** Test split: 7/9 faces detected with the correct identity; confidence 0.80-1.00; identity confusion: celeb_2970 predicted as celeb_4428; celeb_4422 predicted as celeb_4428; 1 extra box(es) on background or duplicate faces.
06_test_0006.jpg,Test split,9,8,0,1,2,**Success.** Test split: 8/9 faces detected with the correct identity; confidence 0.64-0.99; identity confusion: celeb_2970 predicted as celeb_10002; 2 extra box(es) on background or duplicate faces.
07_test_0007.jpg,Test split,9,7,0,2,1,**Partial.** Test split: 7/9 faces detected with the correct identity; confidence 0.84-1.00; identity confusion: celeb_4428 predicted as celeb_2970; celeb_2619 predicted as celeb_8335; 1 extra box(es) on background or duplicate faces.
08_test_0008.jpg,Test split,9,6,0,3,1,**Partial.** Test split: 6/9 faces detected with the correct identity; confidence 0.54-1.00; identity confusion: celeb_797 predicted as celeb_10002; celeb_2970 predicted as celeb_4428; celeb_4428 predicted as celeb_4422; 1 extra box(es) on background or duplicate faces.
09_test_0009.jpg,Test split,9,8,0,1,0,**Success.** Test split: 8/9 faces detected with the correct identity; confidence 0.71-0.99; identity confusion: celeb_3 predicted as celeb_7007.
10_test_0010.jpg,Test split,9,7,0,2,1,**Partial.** Test split: 7/9 faces detected with the correct identity; confidence 0.59-0.99; identity confusion: celeb_5695 predicted as celeb_4422; celeb_4422 predicted as celeb_5695; 1 extra box(es) on background or duplicate faces.
11_test_0011.jpg,Test split,9,9,0,0,0,**Success.** Test split: 9/9 faces detected with the correct identity; confidence 0.99-1.00.
12_test_0012.jpg,Test split,9,5,0,4,0,**Partial.** Test split: 5/9 faces detected with the correct identity; confidence 0.98-0.99; identity confusion: celeb_3 predicted as celeb_1212; celeb_4428 predicted as celeb_4422; celeb_5695 predicted as celeb_4422; celeb_2619 predicted as celeb_7007.
13_test_0001_small.jpg,Stress test (faces shrunk to 45%),9,0,8,1,0,"**Failure.** Stress test (faces shrunk to 45%): 0/9 faces detected with the correct identity; missed celeb_2336, celeb_10002, celeb_797, celeb_3, celeb_4422, celeb_4428, celeb_8335, celeb_7; identity confusion: celeb_5695 predicted as celeb_4422."
14_test_0001_dark.jpg,Stress test (exposure cut to 30%),9,4,1,4,0,**Failure.** Stress test (exposure cut to 30%): 4/9 faces detected with the correct identity; confidence 0.71-0.99; missed celeb_4428; identity confusion: celeb_3 predicted as celeb_7007; celeb_10002 predicted as celeb_7007; celeb_4422 predicted as celeb_5695; celeb_797 predicted as celeb_1212.
15_test_0001_blur.jpg,Stress test (heavy blur),9,6,0,3,0,**Partial.** Stress test (heavy blur): 6/9 faces detected with the correct identity; confidence 0.95-0.99; identity confusion: celeb_3 predicted as celeb_7007; celeb_4422 predicted as celeb_10002; celeb_4428 predicted as celeb_10002.
16_test_0002_small.jpg,Stress test (faces shrunk to 45%),9,1,7,1,0,"**Failure.** Stress test (faces shrunk to 45%): 1/9 faces detected with the correct identity; confidence 0.96-0.96; missed celeb_2619, celeb_1212, celeb_7007, celeb_2970, celeb_797, celeb_2336, celeb_8335; identity confusion: celeb_3 predicted as celeb_7007."
17_test_0002_dark.jpg,Stress test (exposure cut to 30%),9,6,1,2,0,**Partial.** Stress test (exposure cut to 30%): 6/9 faces detected with the correct identity; confidence 0.86-1.00; missed celeb_2336; identity confusion: celeb_7007 predicted as celeb_7; celeb_2970 predicted as celeb_5695.
18_test_0002_blur.jpg,Stress test (heavy blur),9,4,0,5,0,**Failure.** Stress test (heavy blur): 4/9 faces detected with the correct identity; confidence 0.44-0.99; identity confusion: celeb_3 predicted as celeb_7007; celeb_2970 predicted as celeb_4428; celeb_8335 predicted as celeb_7007; celeb_2336 predicted as celeb_8335; celeb_7007 predicted as celeb_1212.
19_crowded_two_frames.jpg,Stress test (two frames squeezed together),18,3,7,8,4,"**Failure.** Stress test (two frames squeezed together): 3/18 faces detected with the correct identity; confidence 0.35-0.99; missed celeb_10002, celeb_797, celeb_3, celeb_8335, celeb_7, celeb_7007, celeb_8335; identity confusion: celeb_3 predicted as celeb_7007; celeb_5695 predicted as celeb_4422; celeb_2619 predicted as celeb_4422; celeb_2336 predicted as celeb_4422; celeb_1212 predicted as celeb_4422; celeb_4428 predicted as celeb_2970; celeb_2336 predicted as celeb_4422; celeb_2970 predicted as celeb_4422; 4 extra box(es) on background or duplicate faces."
